Date,Open,High,Low,Close,Volume,RSI
2021-03-04,110.19406958015776,111.53949020434645,108.58824945033452,109.71666717529297,93531,
2021-03-05,109.28266926363789,111.01869258276668,106.76543412642046,107.41644287109375,84040,0.0
2021-03-08,108.93546327533144,109.58647202000473,106.6786342849447,107.41644287109375,91028,0.0
2021-03-09,107.41645001511925,112.75471677855361,106.85224107439745,109.15247344970703,137901,43.010925449871465
2021-03-10,109.80347284183851,120.04601287841797,108.7184582880654,120.04601287841797,857491,84.59306098796144
2021-03-12,122.73684153803836,124.03885900800967,111.71309627457603,113.4491195678711,547729,58.66936069800032
2021-03-15,115.01154416120335,116.921167151145,110.23748006394584,112.66791534423828,221193,56.61480741738886
2021-03-16,112.92831942760598,122.78024357428018,112.92831942760598,119.30819702148438,538743,66.56672715221141
2021-03-17,120.56680479745654,121.34802317692346,111.97349533696092,113.05850982666016,193808,54.747224097173174
2021-03-18,114.57753053924742,116.44375017056282,105.89741458930443,110.02046966552734,173669,50.39727387514227
2021-03-19,109.36946045900397,112.36409779880127,104.63879993731774,110.84507751464844,129122,51.44443886690318
2021-03-22,112.32069454087953,113.1887061315967,108.50144883964629,111.06208038330078,72867,51.71270168770258
2021-03-23,112.84150712476998,112.88491035339452,107.93724029832823,108.675048828125,90477,48.749994277662466
2021-03-24,109.23926656071167,111.9735046260613,102.46877955676399,105.02941131591797,156991,44.827590851902436
2021-03-25,105.1595996589159,106.76541968745813,98.17210409545052,100.6025390625,161155,40.837687822080696
2021-03-26,101.12335876806269,104.81240833685467,101.12335876806269,103.46698760986328,106104,46.07419981741487
2021-03-30,104.94261061785484,109.36946874247431,102.59897517135978,108.15425109863281,159459,50.67087453024354
2021-03-31,106.85223453355988,109.0656669261281,104.16139969914596,104.81240844726562,83244,46.16563774150084
2021-04-01,106.50502818467345,109.36946931571302,106.33142850138766,108.3278579711914,107125,38.095241047957224
2021-04-05,108.32785833607318,108.32785833607318,102.59897605469739,104.81240844726562,110498,40.639704130142256
2021-04-06,106.33142038680158,114.49072408182565,104.81240009556156,110.02046966552734,361964,47.38196408147006
2021-04-07,110.67147654763802,119.7855981456788,109.36945917648934,118.17977142333984,544769,48.916656570940624
2021-04-08,119.78560756314917,124.1256658081908,114.14353184459503,115.92295837402344,478650,52.978351306614805
2021-04-09,115.2719549868528,122.86705726815212,115.2719549868528,120.1328125,535235,60.26432965299318
2021-04-12,117.18156608918609,117.22496931818031,105.02940367993718,106.46162414550781,356364,46.47100272640634
2021-04-13,109.28266928729533,112.75470930390112,106.80883738148196,109.19586944580078,175765,48.556088632243906
2021-04-15,110.49788686403942,111.9735040357036,106.72203084863366,107.6334457397461,98638,49.183681937968075
2021-04-16,108.02404794226595,110.28088354583102,106.76543369000369,107.59004211425781,82308,52.126889284293426
2021-04-19,105.02940393277102,106.4182211726907,101.55735752177033,104.72560119628906,103214,53.51592000312285
2021-04-20,107.45984687902833,108.37125515471041,104.9426117236333,105.72382354736328,100965,51.98777263936543
2021-04-22,104.20480215762835,112.58110935665388,104.20480215762835,108.50145721435547,182016,50.31645706054094
2021-04-23,110.5846871096736,110.5846871096736,107.2428435340523,107.67684936523438,83968,52.736321163678426
2021-04-26,108.58824881753937,113.23210950952407,108.54485221138796,109.97706604003906,144802,51.61289022855564
2021-04-27,111.1922904839968,123.12744990092516,111.10548402667862,116.83436584472656,935995,61.03585671879954
2021-04-28,117.70238463452222,117.70238463452222,114.57753740730932,115.22854614257812,178930,55.11946157807087
2021-04-29,116.22675450080568,118.91759591057344,111.1488943011433,111.93009948730469,172513,43.20755990505342
2021-04-30,110.10726901577307,113.1453162072803,109.45626032239356,110.6280746459961,100911,44.123303003621984
2021-05-03,108.06745103229014,112.58110898869352,108.06745103229014,109.23926544189453,124275,37.10175101729698
2021-05-04,110.10726983594131,117.00796601060777,109.36946130242931,110.49787902832031,232390,56.76855839327341
2021-05-05,111.36589083715504,113.75292273518725,110.49787923787059,111.84329986572266,92294,54.65647924844487
2021-05-06,112.71131539121649,133.36998157796975,111.36589471649776,128.24871826171875,1913820,73.82146103303603
2021-05-07,134.45498779077303,140.83487817069596,131.15655439864432,134.36819458007812,1921467,77.13280492175404
2021-05-10,135.27960184872313,137.4062274419788,130.24513234063707,131.9811553955078,500119,77.88631528200426
2021-05-11,130.63575886730996,135.2362234564491,123.82186182780312,128.1185302734375,420930,71.64431903164328
2021-05-12,129.94132889622895,142.44070340457336,127.59770031491605,139.9234619140625,1359738,75.85715679480484
2021-05-14,134.54179524954876,134.54179524954876,120.21960414233871,123.04064178466797,1067461,60.0
2021-05-17,124.2992655368475,124.73327136151862,117.18157266120245,117.70238494873047,458582,54.836970265740476
2021-05-18,118.96099084883119,121.52162238585777,118.30998215747839,119.3949966430664,225591,51.71411933580461
2021-05-19,119.65539461197865,126.72968327785478,119.48178171027472,121.08760833740234,219127,53.91757972062697
2021-05-20,122.04244239223733,123.21425016425329,119.09119485701292,119.61200714111328,103361,55.26473504952615
2021-05-21,119.09118774354474,121.39142640865082,118.57038873535895,119.00439453125,87931,55.79581069745516
2021-05-24,120.914001836774,129.76771628555687,119.78558426359096,125.7314682006836,656889,60.626403840961956
2021-05-25,125.77488802806789,128.46572955311686,124.12567112226833,125.21068572998047,223648,59.570888579703215
2021-05-26,125.86169485259082,129.50734129591132,125.86169485259082,127.03351593017578,276861,59.82045301461922
2021-05-27,128.20532294318153,132.28497520473513,124.60307975628793,125.38428497314453,290267,47.711510926868336
2021-05-28,125.03708577989298,130.85276141609114,122.65005364792448,126.29570007324219,337190,42.96520065518541
2021-05-31,125.94849387615353,129.7677397825329,123.69165832114342,126.38249969482422,240805,44.9172627592582
2021-06-01,127.29390027533158,127.33730350580436,122.43304309292645,123.17084503173828,135805,45.4545199665858
2021-06-02,123.25766630688011,127.16371911237984,122.38965457232462,126.0353012084961,214039,34.7328347350992
2021-06-03,126.55609166566252,127.77130258600762,123.25764499568997,123.73505401611328,167844,51.12360133126599
2021-06-04,125.64467650400081,125.64467650400081,122.8236388622875,123.25764465332031,123034,60.66664342329203
2021-06-07,124.99368223216,125.77488744818814,123.25765886782445,124.25586700439453,136373,59.58904851806545
2021-06-08,125.64469771777878,137.579858986307,124.21248366347854,133.10960388183594,1568887,68.49135378677126
2021-06-09,134.41158129199172,136.2778006526898,126.2522655353305,127.51087951660156,463810,60.78191399512579
2021-06-10,128.63931311611148,131.19994462036877,128.0317076609191,128.89971923828125,147107,63.22500453749192
2021-06-11,130.11491474602371,133.36995777580887,128.76950755622238,131.06973266601562,308082,58.12413338915869
2021-06-14,131.06975524963337,131.85096041346367,125.86168550461484,128.1619110107422,137907,54.18715649876676
2021-06-15,128.16188933054082,131.19992950121213,127.59768716819491,128.29209899902344,142031,51.875752023456194
2021-06-16,128.89973512629874,129.5941471227419,124.99368254671393,126.29570007324219,103733,51.34443157220199
2021-06-17,124.29926439229196,128.81292227834822,120.65361814758523,123.3444595336914,138474,45.893726575956585
2021-06-18,125.77488142759462,126.03528756874125,115.09834884384107,121.78203582763672,164710,43.851517583873346
2021-06-21,120.48001696303102,125.77487996222662,118.91759337916105,122.95384216308594,142395,49.693252063050544
2021-06-22,124.12565623538595,125.29747716909681,122.8236388622875,123.25764465332031,82976,45.767170853653234
2021-06-23,123.51805806835922,124.73326905706462,119.87241185743666,120.7838134765625,91280,45.5263165807724
2021-06-24,121.08762320145706,123.47465520005208,120.56681092202284,121.04421997070312,86293,46.622525900510745
2021-06-25,122.08583123662783,125.68808747088022,122.08583123662783,123.47465515136719,133505,48.857866350006546
2021-06-28,124.42947442659461,124.82007701731173,121.30462721124458,121.60843658447266,69664,28.86758845795515
2021-06-29,122.38962494958915,128.03169985861277,120.21959613842623,125.81826782226562,262608,46.72269910591939
2021-06-30,127.25052380735869,137.05904567506377,124.7766851004868,135.01922607421875,1214486,59.09683132455787
2021-07-01,136.1042165458434,143.0483090916027,133.93418762529362,137.75343322753906,1522020,59.77161499359971
2021-07-02,138.79505945698,141.22549475956066,133.2397901180586,139.48947143554688,528624,67.14853114493864
2021-07-05,141.39909257072213,151.8152323768838,138.01385243164228,148.6035919189453,2280801,74.17360384704789
2021-07-06,149.9924171535093,153.20405763919393,139.7498769400013,142.5275115966797,1063484,67.60828643939078
2021-07-07,143.22191562399027,151.64162559049998,142.00670466813338,146.9109649658203,729849,74.79452208736052
2021-07-08,147.1279828133378,154.4192757787307,144.08994187028955,146.65057373046875,945629,76.90143611590935
2021-07-09,146.6939542699484,148.95078963356207,144.0899195787659,144.69752502441406,225652,73.13018828539494
2021-07-12,145.9995671714721,146.95438535169288,138.8818737887597,139.96688842773438,419890,66.24475521985798
2021-07-13,141.22547890115828,145.39193705989544,140.61787345494366,143.3955078125,294194,71.58245091051238
2021-07-14,143.3955233073445,148.34318711087067,141.26889739339452,146.08636474609375,450351,72.8424632461935
2021-07-15,146.91098388037628,168.69808339039656,146.47697801957753,163.70701599121094,3975900,78.73530222729359
2021-07-16,163.6201842394525,180.28600407005362,159.93113499267437,169.8264617919922,2596229,82.46640438195539
2021-07-19,168.22067078555818,179.67842262268067,165.5732324409485,173.6023406982422,775891,82.3633389174179
2021-07-20,173.60234189244528,176.59697964112846,161.53698442884337,167.69985961914062,563557,73.16923937026205
2021-07-22,168.30744162645038,180.8936096532859,168.30744162645038,175.121337890625,700708,74.84132727389657
2021-07-23,176.03278652023516,177.63860031971043,164.05422165518092,166.70166015625,401834,66.61370288735819
2021-07-26,166.65821943574275,170.95487400660943,162.14456197498578,164.1409912109375,401284,60.31105961618186
2021-07-27,163.88059127313306,172.25689784080004,160.62554780204914,162.8823699951172,331195,64.43076634156833
2021-07-28,162.8823706646588,164.40139095740867,156.58928659469495,160.97274780273438,215796,60.33163365405334
2021-07-29,162.49178100239732,177.94239128487465,161.66717256979464,172.2569122314453,609501,66.1909976525935
2021-07-30,172.25692121474765,174.99116604835774,164.22781289658533,167.26585388183594,253092,63.7420945498711
2021-08-02,168.56787087697552,173.42874173486376,166.83184746270223,167.8734588623047,173979,67.89093065493141
2021-08-03,168.22064125636425,169.17544601571512,163.18617161089682,163.96737670898438,154787,63.10839595853999
2021-08-04,164.22779230533084,167.48283580997457,156.28549145192247,156.89309692382812,296738,56.52173112304941
2021-08-05,156.84970250442535,161.3633604354176,153.1606529919633,155.02688598632812,211200,43.531682148561146
2021-08-06,154.5060732674619,159.3669437917766,153.76825806910472,157.19691467285156,106460,40.000019330871545
2021-08-09,158.36871597579122,160.49534177643616,148.42998566638897,149.601806640625,166456,32.0803508056385
2021-08-10,150.46980882894115,154.33245761184068,138.187437340299,150.94720458984375,316577,36.5785498747953
2021-08-11,149.7320114432658,150.9472224701,139.74987734704808,144.350341796875,280563,25.017616190046724
2021-08-12,144.0899334002321,154.07206734060964,139.27246611047988,151.64163208007812,256061,37.54484353034116
2021-08-13,152.24923196146358,153.63805584328009,145.69575486455838,146.5637664794922,130272,36.04410579206542
2021-08-16,146.95436903674178,147.04116225133936,140.6612848293501,141.70289611816406,126150,34.09386879307951
2021-08-17,142.52749765462426,144.74092981499913,139.40266393833514,141.57269287109375,110933,35.030135135962524
2021-08-18,142.39730088908593,146.43354939681188,139.96686584102486,140.87828063964844,122732,21.056807997009457
2021-08-20,138.88188351422974,141.57272530524136,132.19819551906915,134.80223083496094,105509,20.643613565829213
2021-08-23,136.32122599331007,149.64519625932522,136.32122599331007,141.6160888671875,429659,28.65203094408028
2021-08-24,142.18031304663933,143.65593022476008,138.27426056318663,140.61788940429688,110587,30.07404560033919
2021-08-25,141.4858927525388,149.47159693378222,141.4858927525388,147.17137145996094,208089,41.62928161044128
2021-08-26,147.9525843462377,151.42463097563515,142.18031212278714,144.95794677734375,108468,41.381849431358106
2021-08-27,145.52214215659066,148.73379573234433,143.26531990137633,145.26174926757812,72070,39.4473997703795
2021-08-30,146.30337491474364,148.43000093413676,143.0049278005791,144.4805450439453,59315,44.85165017721723
2021-08-31,144.6107483210668,145.69576289957178,142.22371624835583,142.61431884765625,65465,41.709850222789505
2021-09-01,143.6125118749914,146.6071491481073,140.8782807223216,143.7427215576172,63464,49.32169027404591
2021-09-02,143.9163285360118,145.56554530796507,141.3122936888396,143.26531982421875,71671,38.971397758558886
2021-09-03,143.13510821883526,154.8098748898795,142.91810531780925,153.42105102539062,406799,57.963721217392354
2021-09-06,154.85326636924648,155.28727217548854,148.4733889643718,149.1678009033203,108991,58.793486615106204
2021-09-07,149.77896927423052,151.04495029722688,145.8063971077277,146.98507690429688,71234,56.081580614985356
2021-09-08,148.20740471387285,152.26727821804545,146.02467415844026,147.46527099609375,72858,57.437220749963906
2021-09-09,148.16373042119395,150.95762254679371,146.8104349677903,147.8144989013672,31088,66.87401063762427
2021-09-13,148.86222272600446,149.73531494140624,144.36580314561724,145.15158081054688,69919,55.13787206565066
2021-09-14,146.5921743026142,149.25510816348404,145.50080905818638,146.1119842529297,38153,57.9929469753375
2021-09-15,147.24698102873802,149.99722920610583,146.24293041748965,147.8144989013672,92687,51.089403004672114
2021-09-16,147.15968618181788,149.9972357008413,144.9332985101183,145.63177490234375,79852,51.14259574155395
2021-09-17,147.24700117414244,148.25106524508905,138.2978057003416,142.13941955566406,98575,45.22218335888507
2021-09-20,140.13129766817795,144.84599020471748,138.82165937221367,139.34552001953125,74285,42.59826306211512
2021-09-21,140.21863102515695,141.6592280150212,133.58312410661475,138.3851318359375,80115,43.740497735717135
2021-09-22,138.42874751258634,142.66323597149758,137.94854421950865,138.90895080566406,62712,42.715299099858164
2021-09-23,140.56784198934545,143.53635009372903,138.82165761680702,139.65109252929688,52330,44.59632226325631
2021-09-24,142.3140365487565,148.20740922792277,138.99628333898195,144.75869750976562,177348,34.74624363190817
2021-09-27,147.11601926139429,148.0327686334235,140.82975878828105,142.57594299316406,127961,37.47921917423896
2021-09-28,142.7505589810995,143.79826684126576,138.82164451372975,139.9130096435547,62666,36.80775398649337
2021-09-29,137.94857373234404,143.6673305610307,136.20238925471944,141.26632690429688,50781,38.80127243858334
2021-09-30,142.92517473740583,142.92517473740583,138.90895905304706,139.9130096435547,38028,36.22526393295752
2021-10-01,139.91303126967173,144.0602194040302,139.69475820996865,141.26632690429688,92788,42.9027359520308
2021-10-04,141.44093875884417,144.06021540252647,140.5678465442834,141.0480499267578,58884,40.491822629387656
2021-10-05,141.83382392803773,143.6236655861302,140.56784291408488,141.39727783203125,60338,37.30574170853726
2021-10-06,143.09980494199058,143.53635103799706,140.96073173602477,141.39727783203125,73908,40.83178388921706
2021-10-07,142.75056982111363,154.5373141182698,141.74651915436166,148.8185577392578,519942,62.35857729150527
2021-10-08,149.73531738726206,152.7038256391853,148.42567904276703,150.0845489501953,121425,71.06156994348213
2021-10-11,150.17183921651772,156.8946456332567,146.15561028063314,150.8703155517578,224637,74.65503162373332
2021-10-12,151.04495546661153,154.53732437913436,148.42567878221942,149.5170440673828,137646,70.2837813077328
2021-10-13,152.35456637443502,152.35456637443502,146.94139819923583,149.16778564453125,67288,68.47448349078121
2021-10-14,149.16778791322977,158.02966723885305,149.16778791322977,152.66015625,357700,66.36517056336157
2021-10-18,153.6205642351663,155.75963738146547,151.0449450050376,151.4814910888672,136965,69.24525788330324
2021-10-19,151.9180452087229,159.775875133312,147.2906538108878,152.2236328125,398204,79.01231637808584
2021-10-20,152.74747169412493,152.74747169412493,144.06020731161746,147.37796020507812,130624,62.3674427221639
2021-10-21,145.54446114874233,149.73530620255067,145.54446114874233,147.07237243652344,62104,65.12914700806637
2021-10-22,147.37796572904338,152.31093132022326,146.24294320685263,146.98507690429688,66920,62.768027603010495
2021-10-25,150.12818853450196,154.27537613668338,144.19115940796598,146.024658203125,114660,60.754677660071906
2021-10-26,146.024658203125,149.21143913692245,145.28252456643477,146.024658203125,65831,60.15323258891026
2021-10-27,147.46526346750622,147.46526346750622,143.27443167289545,144.10386657714844,63599,55.47703725752596
2021-10-28,144.06021073442236,144.06021073442236,138.82165761680702,139.65109252929688,62366,28.915678717644397
2021-10-29,140.74247678798656,146.679507121663,135.15469136942716,143.97291564941406,204208,37.67609014042904
2021-11-01,146.5048803371707,146.5048803371707,135.7658431353133,141.26632690429688,60735,32.026217329001085
2021-11-02,141.39726181612522,144.4967414111626,141.2663033310886,143.18710327148438,50969,38.39997315578871
2021-11-03,143.18711012620193,143.4490404311424,141.4409258563702,141.87747192382812,31642,37.09429432414532
2021-11-04,142.27037660000912,144.06021834083094,142.1394180940859,143.05616760253906,20546,31.481547953548443
2021-11-08,144.06023187968256,144.06023187968256,137.94858567872635,138.3851318359375,153020,27.744867060350643
2021-11-09,139.25819809624454,142.35767789702174,138.69069352697827,139.7820587158203,75348,29.317829355116416
2021-11-10,139.69476085400765,146.67949889670803,139.3891732357073,142.96885681152344,242719,42.24272299738466
2021-11-11,142.75057562981917,144.5404173159434,141.44093732128871,141.9647979736328,53861,41.22940785598548
2021-11-12,141.964800607251,143.7546290042489,138.821663279537,139.5637969970703,74542,38.194450849878365
2021-11-15,139.5638041414301,140.742470707912,137.07548585275043,138.51608276367188,62903,38.088665591275
2021-11-16,138.51607535003666,141.65921267042336,137.94857073606713,138.95262145996094,49975,38.934435035977714
2021-11-17,138.03587354153967,140.65514997821154,137.9485589980524,138.29779052734375,56280,40.54052038362269
2021-11-18,138.297784812226,141.13533416802628,132.71000064050452,135.1983184814453,87449,42.410706158517016
2021-11-22,136.6389165484716,138.82164684477306,134.45618625217014,137.5120086669922,71139,38.17885683145054
2021-11-23,137.4247112544404,139.21455298495417,135.3292952377556,137.46836853027344,49252,42.300856268091536
2021-11-24,137.46838345985677,140.39324806803032,135.76585609610822,136.5952911376953,44666,36.0444148391461
2021-11-25,139.69474379688083,142.27036297117002,138.51606406716306,139.17088317871094,107587,44.561385434929115
2021-11-26,137.94855712267227,139.17088078090373,130.00341337718183,131.8805694580078,100128,31.971753604152667
2021-11-29,127.42780380179684,130.92017259840563,116.99435468639406,121.53443145751953,151992,27.023730734733377
2021-11-30,122.05829904275348,127.29685253538383,122.05829904275348,124.06641387939453,69836,29.214775636775997
2021-12-01,127.47145302434566,132.2298025446928,125.28872266433974,131.2694091796875,90043,36.012487667762215
2021-12-02,130.09075089785745,136.02778112007823,129.74151931162783,132.8846435546875,89437,39.30040153363842
2021-12-03,133.53942691731547,135.02368074378836,129.9161002242498,130.92015075683594,42162,39.708894347894486
2021-12-06,132.70999915557667,137.94855175382312,131.26940251999017,132.84095764160156,89756,43.38082186904911
2021-12-07,134.45620702837607,135.3292992818071,133.14656864822956,133.88870239257812,36532,44.176727474867576
2021-12-08,137.94855450695724,155.41039684961007,136.20237027269195,149.60433959960938,1219316,59.65697918249585
2021-12-09,150.95763528032555,151.7870835239544,144.49675836224463,146.1119842529297,348474,59.2592741228689
2021-12-10,147.29065679102328,152.57286745611594,145.85005993796628,150.6957244873047,287712,60.77034960181239
2021-12-13,153.18401809181,155.27944728677528,146.7667986554063,147.94546508789062,327834,58.19671093942121
2021-12-14,147.11603494887143,149.2987654377271,145.19523478314437,146.1119842529297,96645,57.335116130772874
2021-12-15,147.4216234552013,154.71193533953132,146.67948975548276,147.85816955566406,240825,56.78255855649789
2021-12-16,148.99317044397625,150.87032656460335,143.1871129607787,146.81044006347656,129193,62.915385064181976
2021-12-17,147.20335833273515,147.85817751869513,139.6947596714619,140.34957885742188,78889,67.44938230828589
2021-12-20,136.28969864866883,136.28969864866883,129.21764645304975,130.78921508789062,148338,55.515747501650964
2021-12-21,132.01153756873347,142.92519003510247,132.01153756873347,139.34552001953125,155430,56.48212967394622
2021-12-22,140.56784168523535,145.63177901910723,139.86936527326517,142.61961364746094,108165,57.6109090917767
2021-12-23,143.53635767247766,145.71908825339935,140.6551639635252,143.05616760253906,97602,59.720304129050994
2021-12-24,144.01654880021826,145.06425672537125,140.6551519852554,141.7901611328125,87717,57.243818000145744
2021-12-27,140.65513912302367,146.2429230944165,139.69473250809935,145.2825164794922,114282,58.87148609168923
2021-12-28,145.9373546979405,149.69165379145548,144.97696127925593,145.2388916015625,123003,45.50360944673591
2021-12-29,145.80638661336386,174.26919555664062,145.80638661336386,174.26919555664062,2462642,69.00411923389129
2021-12-30,184.2224468426173,209.10557354884762,183.34935467748642,202.07717895507812,5744003,76.40196811912963
2021-12-31,198.97769003927414,212.07407191958603,187.0163305863883,193.1279754638672,2068214,71.82623460798693
2022-01-03,195.3107066175433,200.63657393404853,190.33408414607942,191.338134765625,531490,71.85653099272069
2022-01-04,192.77875963271157,195.22342044713716,184.39706921820382,186.6671142578125,372188,68.23964387348542
2022-01-05,188.4133107931311,193.65186430922003,181.34125821747884,183.78591918945312,421630,67.08352326971539
2022-01-06,181.60315781433755,200.63656836511356,179.8569736045843,195.005126953125,1046120,74.18856773179293
2022-01-07,196.4457316710386,206.92283736016068,193.8264552487581,195.70359802246094,688377,81.1740174228023
2022-01-10,196.44575906453886,202.9939510333568,193.5645519337928,196.96961975097656,487043,79.75655814652748
2022-01-11,198.45387498601076,213.73298966100867,193.8264833056881,203.6924285888672,1242010,80.45278498556515
2022-01-12,205.9624507518348,208.4071116487135,194.69956636715136,195.65997314453125,364834,74.38285082427775
2022-01-13,196.4457353133729,201.46601521582576,193.82645884252793,195.3543701171875,210547,75.05105288547998
2022-01-14,195.44170154802927,202.20816634900316,193.73916103701686,194.74322509765625,211928,73.7725842546325
2022-01-17,196.1838100383201,214.21317153555634,194.74321327130352,204.65280151367188,1163112,76.08279346835272
2022-01-18,203.95433992552307,206.2243716151354,195.26706201921735,196.70767211914062,254468,62.0884378369367
2022-01-19,197.318825208474,201.59697139954918,188.5879037390725,198.0609588623047,231321,46.97368533005384
2022-01-20,198.060972418571,213.73297486434979,196.79497806099377,202.20816040039062,438947,57.3759121056735
2022-01-21,200.81119846467465,204.7837704900721,188.41329235436493,192.6477813720703,263829,50.94459063410361
2022-01-24,185.96864065399197,186.3178722089173,173.3961181640625,173.3961181640625,214074,42.09157294523002
2022-01-25,159.7758629204014,176.4955722085501,156.06522129520084,165.1017303466797,565385,39.54055871861985
2022-01-27,164.92710827804666,178.06714831564662,162.17687322655502,171.12606811523438,297759,35.806967105322826
2022-01-28,167.63371008504492,178.80929342184734,167.63371008504492,170.0347137451172,147304,34.81406976748384
2022-01-31,173.74535824997687,177.84888917231928,168.5068047349022,171.16973876953125,235154,34.71287633948276
2022-02-01,170.9951008854069,177.89252345995334,169.77276389645658,172.47935485839844,229951,30.237675767188733
2022-02-02,173.74535635915126,188.58792449033504,172.47937527125166,183.52398681640625,366090,42.59850433474909
2022-02-03,184.9209380563694,185.88133152156942,179.15852397584825,180.0316162109375,163229,41.0046172246918
2022-02-04,180.64278264332577,183.611304310507,176.32097863566682,177.32504272460938,156513,40.020010372381066
2022-02-07,178.37274081301447,184.96458964988153,175.70980691334012,176.62655639648438,200502,32.04698931222259
2022-02-08,178.32907249813988,180.73007592222746,170.3402846160165,174.181884765625,180671,34.476533460865
2022-02-09,176.27729575584794,178.590997894241,171.64991812371912,172.52301025390625,145161,32.47454148494478
2022-02-10,173.65802799979969,175.75345720983356,166.36771634365022,167.32810974121094,166914,26.40282914294717
2022-02-11,165.84385555490925,168.07024325996161,162.65707445319754,163.53016662597656,136284,28.635494431183574
2022-02-14,157.15659261481593,161.34743774901025,151.2195631182348,152.31092834472656,160738,32.46186661495149
2022-02-15,155.36675778974276,164.70884187357703,149.86627414263268,158.07334899902344,258737,43.89690247382335
2022-02-16,160.5616429199228,165.8001958807337,159.64490680964417,162.7007293701172,273856,42.50194389470405
2022-02-17,163.2682311758628,168.11389524688494,159.95047835916023,161.26011657714844,120646,42.23936754540572
2022-02-18,158.90277033905213,162.56975468241063,153.75153201413528,154.49365234375,110379,36.58706251755035
2022-02-21,153.7515318977574,154.53730949847912,146.373892622594,147.72718811035156,141973,31.697878785417146
2022-02-22,138.38511327355891,143.84193950674342,134.41254111133466,139.34552001953125,170620,15.99462731836661
2022-02-23,141.44092621740714,152.04899035478118,141.44092621740714,148.94952392578125,237643,28.132670219837408
2022-02-24,139.69474823699,142.1394089956032,131.35671528712876,133.23387145996094,235452,23.77984631011614
2022-02-25,143.18712173266263,143.62366783550613,137.51202239569736,141.9647979736328,108983,31.184833981904717
2022-02-28,140.56784566185814,144.58407515255746,136.85720377326874,143.0998077392578,81110,32.884612766984304
2022-03-02,139.69475601837323,145.80640159417706,139.69475601837323,144.54042053222656,73932,34.55422223352711
2022-03-03,147.55257693516148,151.83072324517826,145.9810083625105,149.1241455078125,122422,39.88355293294415
2022-03-04,148.382010683193,150.60839836699702,145.54446114874233,147.07237243652344,71723,40.67292911627444
2022-03-07,141.7465136178299,149.2987552657938,141.39726877000973,145.4134979248047,69010,45.61597989536466
2022-03-08,147.11603434557554,153.53326728542714,147.11603434557554,152.26727294921875,104228,46.36014380085063
2022-03-09,155.41042497340567,159.2520256550519,153.00942121679407,154.9302215576172,190697,45.00561961943506
2022-03-10,161.17282347601494,161.17282347601494,150.78301842979874,151.39418029785156,81598,43.825140348571765
2022-03-11,151.2632018792697,157.0692588446944,150.1718367863457,152.96572875976562,92291,48.97719793049433
2022-03-14,153.62055781686584,155.71598692509792,152.79112295670944,153.66421508789062,53891,54.32569983041354
2022-03-15,153.664226649907,158.50989100702623,148.42567346866016,150.21551513671875,100069,58.533239549184444
2022-03-16,153.0094084175036,155.5413704746531,151.26322401330955,151.96170043945312,44090,52.69742678225623
2022-03-17,152.92209690038018,156.283507274033,152.92209690038018,154.2317352294922,69028,74.76826703700743
2022-03-21,155.41040584333348,156.67638682197344,149.60434825733165,151.4814910888672,97628,63.06952295694274
2022-03-22,151.04495232179957,170.25298094075674,150.56474894185965,166.0184783935547,327445,73.00612312918001
2022-03-23,170.2529738431453,172.52301882331898,159.4266362200001,160.2997283935547,299840,64.56819107652066
2022-03-24,160.38703625554146,164.9271130814622,156.37082008436653,158.37892150878906,137867,58.998296539759224
2022-03-25,159.60125677526472,164.97076847467753,153.88250020256172,154.8865509033203,150689,57.39058653066291
2022-03-28,157.11293271775472,157.11293271775472,150.52108419535188,151.1759033203125,90300,55.24641748226975
2022-03-29,152.79112996244532,154.23172671601668,146.72314203697408,149.1241455078125,118336,46.86411701483085
2022-03-30,151.08860509198442,153.9698119633894,148.81856008485818,149.6479949951172,93183,44.49497516365146
2022-03-31,151.00130173826284,152.44191194192132,148.29472376086923,148.8622283935547,66058,47.20078679055581
2022-04-01,148.9495164708369,160.56163065580762,148.42565588583798,158.20428466796875,238970,54.94234691585944
2022-04-04,159.77586552448574,161.60936439222297,157.50582057608054,159.73220825195312,76648,55.636666396412686
2022-04-05,160.64897610156723,169.7291302914192,160.60531882403004,162.30784606933594,398062,61.417980831212255
2022-04-06,161.47840023116467,164.5778802153359,158.9027808975657,159.60125732421875,85504,57.085023222114366
2022-04-07,162.0459220394743,163.48651887957456,154.53732358710118,155.71600341796875,120065,51.33648885377666
2022-04-08,157.33121024622542,161.12916660823998,156.50177532875375,159.33932495117188,107317,56.965952564467095
2022-04-11,158.9027779280644,161.5220544873182,156.93832050862406,157.5931396484375,64883,40.34033277526735
2022-04-12,157.9423700727517,158.16064311780653,153.83883949018656,155.54136657714844,72665,44.04369985705368
2022-04-13,159.77587130959964,159.77587130959964,151.91804157306197,152.57286071777344,118661,42.91799370762961
2022-04-18,150.43378642121885,152.13631352068603,148.12008413324543,150.52108764648438,77447,44.481228325277186
2022-04-19,151.91803855327103,153.66422290445803,144.1475235194205,147.02871704101562,60720,44.728076681956715
2022-04-20,150.17185867257794,151.87438580120227,146.85410564208993,148.12008666992188,74887,48.69169053894349
2022-04-21,148.42566754310542,151.39417556503585,148.42566754310542,149.7353057861328,43773,50.110621522053165
2022-04-22,148.4256751512403,153.1403677388772,143.36173768749674,146.06832885742188,212656,46.701024352469204
2022-04-25,145.80639431115523,146.81044499095296,127.12222695590305,141.74652099609375,127100,27.953258068314128
2022-04-26,143.18710668309726,145.71906848453773,141.30996396709776,142.53228759765625,63890,26.4916324431464
2022-04-27,142.0957639118074,143.18712922603018,140.00034783743183,141.52825927734375,70048,20.324152301374127
2022-04-28,143.0125097701714,161.26013202676583,141.44094109355476,157.72410583496094,563290,48.064800194053255
2022-04-29,158.9027788173308,160.99819474752863,150.9139905958309,152.00535583496094,386191,46.3139526881903
2022-05-02,150.17184911730195,158.68449754110247,148.4256648252403,151.5688018798828,247480,41.759247542171536
2022-05-04,152.7474771182891,161.87128790755162,148.55663191048382,153.7515411376953,443003,45.963306547427216
2022-05-05,148.42567469675336,156.63273608634782,144.14752822560237,145.1952362060547,257833,40.435837946778186
2022-05-06,140.7424544676228,143.97289281673466,138.2104925156422,140.6114959716797,131588,39.263314640351865
2022-05-09,138.64704342713517,142.22671343831513,136.50797021081686,139.03993225097656,78047,39.60474118267623
2022-05-10,139.69473751632054,142.9251756569198,133.84502304729028,135.1983184814453,88668,39.3558457819019
2022-05-11,132.7099975102429,137.5120039991004,123.80446086810011,127.29682922363281,161420,33.30999025754758
2022-05-12,126.38009512118748,127.34050186382093,122.23290719838513,123.89177703857422,76944,29.863932338649633
2022-05-13,127.29684219041212,140.00033604213806,124.4592926125018,126.5983657836914,246007,34.59943468573208
2022-05-16,128.51916797550564,130.9201715030866,121.97097653664838,123.19331359863281,83405,35.10861170571191
2022-05-17,126.59836631243445,129.17398558329052,124.85218194950431,127.6024169921875,118295,38.67549530906035
2022-05-18,130.09073269586867,136.8571969803853,128.60647867856954,130.3090057373047,228752,41.70431100758213
2022-05-19,129.1303287334148,129.1303287334148,123.14965526415479,124.80852508544922,89659,21.088957702722894
2022-05-20,127.03491760559972,134.71813178160713,125.81259383042284,130.43997192382812,121800,31.029185311182204
2022-05-23,133.4957963388218,135.32929534664387,128.60648785517986,129.8288116455078,85728,30.934156121977338
2022-05-24,129.2176239955842,132.36076071900237,127.68971290104182,128.25721740722656,51080,27.399362126986446
2022-05-25,128.38820953529608,129.3922602274554,122.40752268942997,123.32427215576172,50949,29.28039124729881
2022-05-26,123.10599939265931,125.11411410395584,121.35981500411096,123.89177703857422,43102,32.85585518067603
2022-05-27,126.51105027729679,127.12222545499705,123.97908830976154,124.85218048095703,39188,35.26744539236357
2022-05-30,128.2572225280075,130.09072124359338,126.07449230579955,127.29682922363281,59861,41.54994298440573
2022-05-31,126.64203192669949,130.92017856870802,126.51106009745618,129.2176513671875,52929,52.35548486691304
2022-06-01,129.21763446443657,135.32927933775454,128.91204689183925,132.7973175048828,174289,60.874205372435995
2022-06-02,134.106955156702,134.54350121733927,130.9638181911822,131.92422485351562,62564,56.80803508297643
2022-06-03,134.41254406621323,135.59122388742463,129.34860654602824,130.1780548095703,58797,59.32402109918475
2022-06-06,131.40038362438807,131.40038362438807,127.60242700797357,128.6064910888672,24440,51.45021600180894
2022-06-07,128.60646792135742,130.35265210678705,125.72526135093291,128.169921875,34070,46.6936451249385
2022-06-08,128.34453839712194,129.26128776442414,124.89582727472612,126.38008117675781,34148,52.74388481350397
2022-06-09,127.03490689840501,127.7333832777761,120.39940127787293,124.63390350341797,45025,38.271592000160275
2022-06-10,123.97909583373657,128.3445569546428,123.49889244597087,124.72122955322266,46571,39.4594815872631
2022-06-13,122.75676543555022,124.4156352431944,118.0420596855684,119.39535522460938,50954,34.16540885167308
2022-06-14,120.66134703392247,122.1456012036623,115.37913622419406,117.73649597167969,48851,38.69261207406298
2022-06-15,118.6968773723606,120.18113139095917,115.72836933516349,116.77607727050781,39093,35.826108364652086
2022-06-16,117.86743930215388,119.35169328075227,113.58929313048873,114.63700103759766,44530,30.564805175426017
2022-06-17,116.0339411235413,116.4268432479478,109.18017575612667,110.79539489746094,51065,20.189332709979467
2022-06-20,110.8827044795361,111.58118087300689,100.75483674119722,101.93350982666016,78359,10.592694117665204
2022-06-21,102.15178866911886,110.88271077759055,102.15178866911886,109.61672973632812,58023,20.067688236110058
2022-06-22,109.92231465557315,113.5019915173488,107.82689194148135,109.9659652709961,41216,21.25718417349674
2022-06-23,112.10502541256257,112.10502541256257,109.1365174664078,110.6644287109375,23815,23.736789790813532
2022-06-24,111.31925929044534,116.55781266881925,111.31925929044534,114.54969787597656,43619,32.19027870305892
2022-06-27,116.12126070781596,119.61362945090818,116.12126070781596,118.04206085205078,36436,38.09036607967766
2022-06-28,118.65321831011399,121.09787900393465,116.64511701529281,120.35575866699219,33606,43.00204863913855
2022-06-29,118.7405400510132,123.7171629622147,117.99840634676244,119.74459075927734,40758,44.1666760725327
2022-06-30,119.52630769850441,121.35980650703863,114.37506944188533,115.68470764160156,30207,40.15222199514876
2022-07-01,115.99030701437263,117.78013541149657,113.50198885289635,116.33953857421875,33823,46.29238241265254
2022-07-04,116.07759949952022,119.78824116328059,115.68471069370551,117.69282531738281,29885,49.94661863960718
2022-07-05,118.5659244893301,119.61363247427383,115.42278721216907,116.38319396972656,28938,49.52381956334469
2022-07-06,114.72431083547148,118.34765149311805,114.72431083547148,116.51415252685547,26207,52.39155005476298
2022-07-07,117.82378640643347,119.6136280304795,117.82378640643347,118.95880889892578,33666,60.78431570173467
2022-07-08,119.3517015972739,121.79636243242656,118.04206329154889,119.04612731933594,27141,79.4294351426281
2022-07-11,118.65322139169098,123.97908899432248,117.73648526473727,122.62579345703125,41348,76.04893972484543
2022-07-12,120.48671007334988,125.11410087831375,119.65727524093377,121.22884368896484,42851,71.64427827871857
2022-07-13,122.18925137523345,137.68663800763548,120.61768274241123,130.48362731933594,437752,78.66161460135436
2022-07-14,130.92017194228336,136.33334088543228,126.64202551680992,134.9364013671875,195645,79.00620651445206
2022-07-15,133.58312295276332,142.3140460215714,130.17806828486073,140.1749725341797,187308,80.00000827299733
2022-07-18,144.06019713068613,150.9576194219513,140.17493993314235,149.0368194580078,326217,83.0150637083751
2022-07-19,146.7668036843977,149.42972422810547,145.89371148716114,146.6794891357422,81857,79.80679005747734
2022-07-20,147.11602302849766,150.08453092388015,144.23481635219787,145.4571533203125,62598,85.15466729703026
2022-07-21,146.67950043080054,147.46527813989042,141.52826139936542,142.05210876464844,54083,78.50923881928269
2022-07-22,142.57595906055417,144.58407378693684,139.73840940784572,140.48052978515625,49499,75.14452823250592
2022-07-25,140.5678384456042,141.87747669199183,135.5039012284396,136.76988220214844,56632,71.3632169976799
2022-07-26,136.76988938217204,150.6084062410816,134.49985762932755,143.4053955078125,232708,74.79871865499581
2022-07-27,143.40539980351463,146.1119910648114,139.69475779946632,140.3932342529297,42171,69.56176866691854
2022-07-28,140.7860952860272,142.57593668126083,138.2977775752966,138.86529541015625,48500,67.6242000465684
2022-07-29,141.35360708335114,142.22669919213607,137.68662289092003,138.1231689453125,45008,64.51347707777867
2022-08-01,138.12318091466358,140.9607305141084,137.86125059486432,139.08358764648438,44154,66.85902575617754
2022-08-02,137.07547232545454,143.71097822555478,137.07547232545454,141.44093322753906,72925,61.895728127934184
2022-08-03,141.3536124613017,153.4022866854044,140.8297651694974,150.39012145996094,523066,65.28495954849095
2022-08-04,151.52517083789456,151.52517083789456,144.10388631197037,145.76275634765625,89283,55.594402923625154
2022-08-05,147.3779527936586,149.7352988575627,144.32213036799408,144.5840606689453,52184,44.73142196865747
2022-08-08,146.41755251714167,148.42566714891635,144.1038636228696,145.63177490234375,40439,48.720679482167995
2022-08-10,146.54851337036385,147.33429092637326,142.79421470007063,143.49269104003906,40423,47.653803159510325
2022-08-11,146.5921641234423,146.63582139465385,140.26224614530227,141.87747192382812,53064,49.78211247146711
2022-08-12,141.8774751808318,143.14345614105648,140.52417967617959,140.9170684814453,31645,50.55308720833345
2022-08-16,141.4409351060978,144.06021168213667,140.61150018815144,141.39727783203125,28686,56.38554176277094
2022-08-17,142.75056008455013,143.7982679528151,141.1353343509924,141.65919494628906,36218,47.0759996341135
2022-08-18,141.4409224552546,144.71501788245956,141.4409224552546,142.53228759765625,33745,53.85822134028365
2022-08-19,142.31401138369685,149.2114336003558,142.31401138369685,143.49269104003906,129367,58.52090827199158
2022-08-22,142.31403886720938,143.36174691833006,140.21862276496802,141.48460388183594,39897,55.91403276389454
2022-08-23,141.00438252606028,142.9688398677546,139.73840157032305,140.04397583007812,35053,51.661608449651204
2022-08-24,140.96073270517942,141.39727880418732,138.82165948450674,139.60743713378906,38077,46.6019368055265
2022-08-25,140.52417898983097,146.98506889836844,140.34956322415783,143.0124969482422,79478,32.79023809625507
2022-08-26,144.84597546155086,148.77488994953865,142.27035640611345,147.24697875976562,98640,53.52688730349577
2022-08-29,143.27443683893767,146.11198651844722,141.440937870938,143.0998077392578,69575,46.90909553103869
2022-08-30,144.40942756961553,152.17995522925827,143.36171971728396,147.29063415527344,180014,53.054638166638284
2022-09-01,146.37389285037344,149.77896021090044,144.01654672221096,144.80233764648438,51383,52.38097351687451
2022-09-02,144.10387875444343,145.8064059801649,140.9170840435146,141.52825927734375,83819,49.401237397363204
2022-09-05,141.87746831295487,143.92924010671973,141.5282367968082,142.22669982910156,36356,52.265858474925295
2022-09-06,143.09979159986236,143.62365219515902,141.04803313332852,141.65919494628906,28620,50.45179113536574
2022-09-07,141.26630822680346,143.88558459693334,141.00437792532477,141.92112731933594,50709,50.45181721801036
2022-09-08,143.0997979825198,144.06020467595775,142.3140203768552,142.7069091796875,32528,50.30212150332112
2022-09-09,143.5363494292495,148.33835643150007,141.3972762472583,142.00843811035156,131352,47.40853187437592
2022-09-12,142.40134362665918,143.97289893406767,140.78611772230855,141.09170532226562,83401,49.28683047398949
2022-09-13,143.62367005513912,144.45310499889428,138.38511674005807,138.69070434570312,136877,47.626365626622565
2022-09-14,137.59932979727066,143.88559068719596,135.32928485147556,135.63487243652344,193152,43.61849510355674
2022-09-15,136.20238489429875,137.77395353831432,133.9759970921375,136.07142639160156,89515,37.67438861022357
2022-09-16,136.33334306250538,136.98816221904445,129.95978059672217,131.6623077392578,77810,22.49609397931546
2022-09-19,132.27961091623447,134.92520313455915,128.84034641488353,131.30955505371094,36383,25.97485942846056
2022-09-20,132.89690381592283,135.5865917417092,131.8827655853662,133.5142059326172,43295,19.45515023898581
2022-09-21,132.72053661931977,134.26379867303277,127.95847623604762,129.06080627441406,59007,17.895720226028914
2022-09-22,131.61820525109172,134.0433313109946,130.07494321297173,132.7205352783203,30378,32.31515756101058
2022-09-23,134.04333309542193,134.04333309542193,128.84034068011002,129.89857482910156,36111,27.191613527573793
2022-09-26,127.87027959382179,130.55996747651338,123.3286853907188,123.85779571533203,46171,22.61213253893672
2022-09-27,126.23883745308174,127.07661909258768,123.46097098831581,124.56330108642578,28166,23.654172752893885
2022-09-28,125.22470079837112,126.10656488850049,122.84367044625743,123.7696304321289,22044,21.26375049984452
2022-09-29,126.06246431604173,126.06246431604173,120.41853973106561,122.04998016357422,34475,20.624561641488256
2022-09-30,121.7854386381805,124.51920929794701,119.13984631546415,123.24050903320312,35749,23.936155281249427
2022-10-03,124.25463542608755,126.98841927915122,121.9617970405869,123.10822296142578,30204,25.634416575821845
2022-10-04,125.62153825907103,127.60573248257535,124.07827608523434,125.66563415527344,53682,34.16475111757869
2022-10-06,126.98841207573571,128.17893382141628,125.44515012342642,126.01835632324219,41714,33.98895136110366
2022-10-07,126.15065444057458,128.3553145550335,125.31288628831568,127.07661437988281,32397,41.82390689970759
2022-10-10,126.7679545579434,128.1789423911462,124.9160347088869,125.62152862548828,22282,40.24206208246372
2022-10-11,126.76795067613727,128.26711679289795,123.6814266596748,124.91603088378906,22340,34.44978585305546
2022-10-12,124.91602716888835,126.23882313660481,123.15229921193304,123.59323120117188,16261,38.84891325117184
2022-10-13,124.21053556223293,124.69554994176468,122.57908196653914,123.0641098022461,14310,27.422725062441785
2022-10-14,126.10657136045478,126.85616125800593,121.16812681981159,122.53501892089844,25330,30.716009718359388
2022-10-17,121.60904070273006,123.94598838576016,120.59490248115452,121.43267059326172,31263,41.43306076466561
2022-10-18,123.41686990747746,124.29873394891163,121.74133361122348,121.96179962158203,27268,40.694033858931306
2022-10-19,122.35862495759622,126.37110868347696,122.00588475460337,122.88774871826172,36304,46.87494930815773
2022-10-20,123.90190413712595,124.43102797142832,121.69724392116285,122.13817596435547,21161,50.335605541555864
2022-10-21,121.82950932832867,124.34282717497452,120.81537108490433,121.69723510742188,29513,43.77220583617096
2022-10-24,122.93184220233907,125.44516010716805,120.24216763633645,123.4168701171875,20723,51.10408080053841
2022-10-25,122.40273523686757,125.18060166649114,122.40273523686757,123.28459930419922,15549,39.69465043894494
2022-10-27,125.22469972064077,125.22469972064077,118.25797885104815,120.50672149658203,34129,30.284012228797067
2022-10-28,120.77128673861633,123.37278316251803,118.30206454826721,118.91938018798828,49666,21.88452085996917
2022-10-31,121.1681147164998,121.69723852735058,118.21387823175249,118.74298858642578,23211,24.00000922819953
2022-11-01,119.00754386952863,119.75713365049246,118.16977576244811,119.13983154296875,24206,27.64509614021827
2022-11-02,119.18390904850052,120.19806067822262,118.34614097607003,120.0657730102539,16754,35.91546678543119
2022-11-03,119.97760552314178,121.47677170227925,119.97760552314178,120.55081176757812,14063,39.929382201257674
2022-11-04,120.85947057263908,121.2122108096687,119.05164658146285,119.53667449951172,20351,38.43536233897011
2022-11-07,119.7571390958301,121.03583926016653,118.16978113560884,118.30205535888672,40728,38.047152366648454
2022-11-09,119.0516425151344,119.93350653376504,116.45014635140947,117.37610626220703,35997,33.00651968628604
2022-11-10,117.11154776814745,118.69890573903987,114.64232575300116,115.83284759521484,29489,25.000027035766152
2022-11-11,116.84697708145869,121.16810519105715,116.84697708145869,117.46427917480469,64992,34.41169390770126
2022-11-14,118.12568281118386,119.00754683135871,117.06744867820947,117.4201889038086,12040,35.34738859356615
2022-11-15,118.96344993281487,118.96344993281487,116.67061157346141,117.77294158935547,19181,28.666643980636906
2022-11-16,118.08159115995998,119.84531926365575,116.45015073774795,116.89108276367188,34639,27.12930723452196
2022-11-17,116.89107529899641,118.61070739904838,115.87692363042864,116.27377319335938,38410,32.089525739037356
2022-11-18,117.02335925203383,117.02335925203383,114.64232895723453,114.90689086914062,24250,32.699573743550076
2022-11-21,116.40604477697636,117.42018296642642,115.5241808013932,116.00920867919922,23104,39.08446756918128
2022-11-22,116.14148577662598,116.97925388299481,112.5258447325836,113.62818145751953,44373,31.002976210824485
2022-11-23,115.87692861184571,116.22968229892899,113.31952829733399,114.59822845458984,22349,31.212117081028026
2022-11-24,115.7005710910105,115.9651330210776,113.76047269748298,114.28959655761719,23740,28.220819820919615
2022-11-25,115.08325365320933,115.08325365320933,111.11486559620211,112.26129150390625,65125,26.360945146725413
2022-11-28,113.5840956207708,115.08326185795299,112.30538867438462,113.09906768798828,39427,32.64703427610607
2022-11-29,112.48175854384192,114.99506292940599,112.48175854384192,113.31952667236328,37759,35.80240254545494
2022-11-30,114.73051580001092,114.73051580001092,112.43766393725099,112.7463150024414,36037,38.41052431349721
2022-12-01,114.59822967622398,123.37277421127725,113.23133771858171,119.93350982666016,228964,56.54209517972584
2022-12-02,120.68310085475794,123.19640532833688,118.43434483174067,120.37444305419922,98290,57.665937595522315
2022-12-05,121.30040178728534,123.02003397963617,120.81537387247423,121.34449768066406,34650,58.98007250338481
2022-12-06,121.65313624716373,121.65313624716373,118.21387202572176,118.56661224365234,26596,53.84612690301102
2022-12-07,120.24215735738571,120.37443157004712,117.06744169174912,117.6406478881836,28335,53.09377990661969
2022-12-08,117.33200812401113,118.78707834442714,115.65645844698093,116.53832244873047,18399,53.73733525121513
2022-12-09,117.46429333604783,118.3020615248867,114.64233095755891,114.95098876953125,34897,47.62849532907464
2022-12-12,115.52418635645708,115.87692658118156,113.93682843284287,114.55413055419922,22808,52.277635609830426
2022-12-13,115.61237495303041,117.11154105103957,114.6864150684382,115.48008728027344,25684,52.17389832459351
2022-12-14,115.25962128185513,117.4201853751192,114.73051095935719,115.48008728027344,34647,52.9800623819262
2022-12-15,115.52418333555137,117.46428143315735,114.24548323414129,114.86278533935547,25217,57.00710568269668
2022-12-16,114.59823086967447,115.87693105387812,113.14316056630092,113.40772247314453,17144,50.80460391912275
2022-12-19,113.40772617917573,119.05165091411439,113.40772617917573,116.18559265136719,67758,56.59230874792093
2022-12-20,116.40605038956159,122.40272840389562,116.40605038956159,121.47676849365234,137644,66.50000144190702
2022-12-21,123.46096918686177,124.6955734962593,113.8045603595535,116.14149475097656,106067,42.293904142615496
2022-12-22,115.78874414090419,117.9052123264397,112.48175419089459,113.80455017089844,55940,37.60397926072052
2022-12-23,112.65812844064334,113.45180067536688,109.3511383690002,109.43932342529297,53583,30.08847186149727
2022-12-26,109.3952377645502,114.1572982377495,108.68974383543762,113.187255859375,51750,41.28573324826903
2022-12-27,114.90688685463952,117.11154694986985,112.43766485674611,114.81869506835938,28904,45.53074104013137
2022-12-28,114.64231184959486,116.40603972420402,113.3636118317384,114.24547576904297,25853,46.30681566816199
2022-12-29,114.20139293293036,115.70055910645151,112.65813086626913,114.81869506835938,20589,49.77971228951344
2022-12-30,116.14149034060344,118.83117832984274,115.92102433257033,116.62651824951172,36406,53.29594486373674
2023-01-02,118.1697829476158,118.1697829476158,116.0533146056519,116.89108276367188,13636,52.2922848480792
2023-01-03,118.08158913219594,118.1256850252666,116.27377862189458,116.84698486328125,15342,52.217466749509256
2023-01-04,117.94931288213935,117.94931288213935,114.64232280133172,116.80288696289062,26329,53.206997121316114
2023-01-05,117.42018562260957,117.42018562260957,115.52418341468653,116.27377319335938,13544,54.887202198739466
2023-01-06,117.72884158072047,117.72884158072047,111.9967256985131,113.5840835571289,36203,45.55051432314604
2023-01-09,117.72884412442002,117.72884412442002,114.02501801174104,114.46595001220703,22709,35.87924019868474
2023-01-10,114.33366875801251,115.21553280845974,113.01087268234166,114.0250244140625,11344,44.69028276383214
2023-01-11,114.0250208224059,115.25962507167242,113.05496501499859,114.77459716796875,18807,52.644218971095064
2023-01-12,115.08325434746297,116.27377615421788,113.84865010475028,114.55413055419922,15904,68.01238497896789
2023-01-13,114.73050362579565,115.21551802637252,113.84863968849108,114.24547576904297,15769,54.917949667097105
2023-01-16,114.2454922232137,116.45015238400063,114.2454922232137,114.6864242553711,31775,49.30880426366942
2023-01-17,116.31786125247412,117.02335517424754,115.25962709790265,116.22968292236328,43690,59.41426622919677
2023-01-18,116.8028803989895,117.11153817165693,114.95097413151393,115.17144012451172,17498,51.599994186243684
2023-01-19,115.12734722906916,116.27377311371073,114.3777574509098,114.86278533935547,14410,40.7407377738615
2023-01-20,115.3919117010769,116.40604993546816,113.49589599584606,113.71636199951172,27349,34.7457397225825
2023-01-23,114.64232003667018,127.42934804076032,112.96678381860494,120.59490203857422,538238,60.869542128943095
2023-01-24,121.25630346580033,126.37111750322951,119.58076720038012,120.46263122558594,253112,60.55982086014252
2023-01-25,121.56496471851386,121.56496471851386,116.62652065427397,117.50838470458984,51799,53.12500362085846
2023-01-27,118.43434093575357,118.87527294708833,114.51004872610957,114.77459716796875,54758,53.006672588436366
2023-01-30,112.92269195105813,116.05331195484627,112.6140341574905,113.14315795898438,34025,46.781125600727464
2023-01-31,114.81869685935834,117.5965766963857,113.05496875566259,116.89108276367188,38473,56.007391941785585
2023-02-01,117.33200881964135,118.87527083185263,113.36362078824092,114.0691146850586,37414,48.639473898715266
2023-02-02,114.06911251442865,118.21387057711837,113.76045473538913,114.64231872558594,39607,50.167788498525915
2023-02-03,115.87692534380284,117.28791313998772,113.23133331808883,114.11319732666016,34210,49.75041832065992
2023-02-06,114.6423255441646,114.6423255441646,112.87859745886976,112.96678924560547,20116,46.83954414592983
2023-02-07,114.20139208453008,114.59822820748799,111.07077208132489,111.73217010498047,30393,41.63933189312831
2023-02-08,111.9526408940322,114.20139696173435,111.9526408940322,113.49590301513672,20853,46.96486408943988
2023-02-09,114.20138946175575,114.20138946175575,112.48175733098014,112.87859344482422,14759,46.445501387237414
2023-02-10,112.87860382381768,114.20139996237805,111.59990358111163,112.12902069091797,20919,47.115408611626094
2023-02-13,111.42351204924364,113.93682303584092,111.11486100318577,111.95262908935547,22987,29.23728036893253
2023-02-14,113.05495986934413,113.05495986934413,110.2770937068395,110.5416488647461,13236,27.544895082772314
2023-02-15,110.49756105549801,112.43765914958892,109.74797127869677,111.37942504882812,17194,34.657836728909885
2023-02-16,112.04082271913131,116.75878699606874,111.99672682835727,112.61402893066406,36707,44.152741081995835
2023-02-17,112.92268817770467,114.55412850813737,112.92268817770467,113.84864807128906,11785,51.95121436559684
2023-02-20,113.93683020504797,115.08325613749989,112.52584909993772,113.14315795898438,24311,37.53666076035178
2023-02-21,113.36362377753348,114.37776202982917,112.30538290440215,113.76045989990234,13184,48.79724248157631
2023-02-22,112.87860194355423,113.27543808727646,110.23300971050217,111.0707778930664,21419,38.053136642110886
2023-02-23,111.46760889544359,112.12900688327879,109.52750409427405,109.92434692382812,21724,36.5439372587464
2023-02-24,111.33532969670607,111.90854264076224,105.25046676766446,110.18890380859375,42498,40.540513858123944
2023-02-27,110.71803343880191,111.11486956745019,107.63150928415052,109.52751159667969,24744,42.18751436272748
2023-02-28,110.62983744718878,112.61403147119398,107.67559435706536,108.38108825683594,28871,31.045754775393505
2023-03-01,107.6755984495066,110.67393754535712,107.6755984495066,109.52751159667969,13731,38.05032524505604
2023-03-02,109.83616380607646,110.54165096867645,107.67559297089858,108.55745697021484,13212,37.46126946169373
2023-03-03,109.307040024016,109.39523180641832,108.20471002487066,108.55745697021484,18965,37.93105318654997
2023-03-06,109.39523817596562,111.11487038352273,108.64564835043116,109.13067626953125,33038,44.66670934706489
2023-03-08,109.04249131741327,109.26295733029599,107.80788029965225,108.11653137207031,27797,37.82896796350916
2023-03-09,108.42517791774077,109.35113782442492,107.58740979499872,108.2047119140625,18790,32.014414907852895
2023-03-10,106.97011893973328,107.58742112379808,105.16229482797476,106.04415893554688,25806,20.401334695960855
2023-03-13,106.970111029942,106.970111029942,102.29622891417935,103.17809295654297,37989,17.528720058670714
2023-03-14,103.17808759012954,104.14813664065838,100.22384454748281,100.57659149169922,30150,11.95928495512257
2023-03-15,102.0316667717177,102.2962286750438,95.94681027610415,96.82867431640625,54730,11.270981820354578
2023-03-16,96.78457912680355,99.73882233767593,95.24131704505497,96.03499603271484,49848,11.49144564586949
2023-03-17,98.76876791111415,98.76876791111415,96.21136096779799,96.91685485839844,34088,14.42079488587045
2023-03-20,96.12317742540331,97.66643944828823,94.35944939924913,94.71219635009766,22707,13.318765661852467
2023-03-21,96.52001470210453,96.65229565127638,94.71219749038437,96.16727447509766,23001,20.21505440362162
2023-03-22,96.38774399336184,100.26794045653907,96.38774399336184,97.09323120117188,26600,19.347824124436343
2023-03-23,97.09322968522346,98.50421080690224,94.35945250045421,94.80038452148438,36551,18.163266531233305
2023-03-24,94.84448337747472,96.03499852582647,78.52999808974414,81.79289245605469,365694,11.337579337045923
2023-03-27,81.13149125935028,81.30786137520036,75.2670940781382,76.81035614013672,263444,8.587550562070149
2023-03-28,77.2072031681326,79.36776748053374,74.78207693956072,75.88440704345703,78016,8.607003497614144
2023-03-29,76.63398330925465,88.71551747534755,76.01667446947242,85.0998764038086,554100,25.96329088304276
2023-03-31,85.9376472951182,89.37691836825546,84.70304303181285,87.83365631103516,273841,31.27831622052254
2023-04-03,88.8919008980612,90.3910671249963,86.9517959082811,89.55329895019531,88148,35.65459775608714
2023-04-05,89.37692192755637,98.76877559541693,88.36277690394994,96.52001953125,197874,46.088436299989134
2023-04-06,96.12318747984871,98.72468389930619,94.80039132186914,95.19722747802734,54322,48.34968875637919
2023-04-10,96.12318089628786,103.17809325564845,96.12318089628786,101.54664611816406,111327,55.012030849927065
2023-04-11,103.08990566705499,111.1148669332857,102.73715871212526,106.17642974853516,250132,57.88288776881991
2023-04-12,106.17643618877582,108.07244529945001,104.36861214016089,105.73550415039062,51416,59.67493334972554
2023-04-13,106.7055434749003,109.43932051582966,105.82367947923996,107.71968841552734,81149,60.046014549291485
2023-04-17,108.38108462523151,108.42517378743455,101.54663877155366,104.01585388183594,63763,55.7424965324602
2023-04-18,104.85362679401449,107.41103363837351,104.85362679401449,106.39688873291016,40030,59.60554971560191
2023-04-19,107.10238164103284,108.46927355182373,105.38274950766615,106.74964141845703,32604,76.15527567803898
2023-04-20,107.36695134679809,107.5874173659907,105.55912729818316,105.73550415039062,24873,83.06454834126819
2023-04-21,106.66145251448025,106.66145251448025,103.17809226183331,103.97177124023438,25503,81.50346870718668
2023-04-24,105.03000162565984,106.44098268771674,103.22218445267981,103.66311645507812,19776,76.01978474698328
2023-04-25,103.66312386911859,106.17643511692461,102.51669788965464,104.28042602539062,24352,74.50723731165493
2023-04-26,104.2804214286006,106.70554750833551,104.2804214286006,105.38275146484375,38447,74.02945150998401
2023-04-27,106.44098480876936,108.02834274026996,105.38275067316131,105.77958679199219,40310,67.5585274603813
2023-04-28,103.70720427000317,118.96344731776107,103.70720427000317,111.37942504882812,384579,76.40287193051161
2023-05-02,113.0549609260513,114.99505901451981,111.55579483297004,112.61402893066406,48756,71.6752902193552
2023-05-03,112.5699420072298,114.37775918742574,110.36528198643833,111.02667999267578,62514,60.78431638645027
2023-05-04,111.11485789721257,113.36361366493898,110.27708983446085,110.85029602050781,34366,61.50789100559253
2023-05-05,111.02668543335778,111.86445359107663,107.94016125299964,108.11653137207031,33146,50.863732660170385
2023-05-08,108.55746471937253,109.52751384224777,106.70555153423092,107.54331970214844,21542,58.88891623172334
2023-05-09,109.13066799280823,113.14315181024375,108.99838704962355,109.92434692382812,51886,58.88890042415161
2023-05-10,109.92435465404445,111.95263792252119,107.94016055100427,108.91020965576172,39662,55.2688276072501
2023-05-11,109.43932773752478,112.83450299924061,109.43932773752478,109.96844482421875,35453,60.30042440377396
2023-05-12,110.05663234911775,119.93350667846151,106.92601238796661,115.34781646728516,393600,73.54017035779431
2023-05-15,116.05330994130557,118.74298442639775,113.054964211824,114.51004791259766,139794,71.96432141255963
2023-05-16,115.34781428851646,115.34781428851646,111.11486438270198,111.82035827636719,53093,64.08567416611129
2023-05-17,112.8786049885323,114.33367537349127,108.11653749496077,109.70389556884766,85931,57.777807073702405
2023-05-18,109.96843943918704,111.90854429951187,107.8078753042834,108.38108825683594,51163,54.53149818093672
2023-05-19,108.46927305427437,117.55247503379451,108.46927305427437,114.11319732666016,256071,54.74005566031072
2023-05-22,113.1431514124663,116.40604544974663,112.61402764158777,114.20138549804688,83780,52.86624695201752
2023-05-23,114.37777052980978,115.25963462557729,112.9667960502887,113.36363220214844,35339,54.337181223714666
2023-05-24,112.96678280317269,114.99505922064836,110.27709493525398,110.98258209228516,55163,50.22694022175459
2023-05-25,111.77626305412718,114.2895808603002,110.32118609478714,111.02667999267578,50602,55.4999972603759
2023-05-26,113.53999487244256,113.53999487244256,111.02668371020428,111.33533477783203,35201,57.239059200635715
2023-05-29,113.01086556753626,115.52418333555137,110.36528031084097,114.86278533935547,131891,59.032260675253546
2023-05-30,115.96511356216473,117.72884152508739,114.64231758997273,115.61237335205078,89985,62.37784419629245
2023-05-31,114.95098235015493,119.05164473062786,114.64232455541942,115.39191436767578,129646,60.336147063467855
2023-06-01,116.97926132919514,117.15564490485964,112.87859886236916,113.4518051147461,40398,45.84138514067543
2023-06-02,114.64232748736482,125.22469617850619,113.67227164153914,119.97760772705078,466511,59.59752338566337
2023-06-05,120.77127818245633,125.2246942976578,119.27211199829732,121.38858032226562,204113,67.5850841867926
2023-06-06,121.69723321527503,121.69723321527503,118.21387307172537,119.62484741210938,72203,68.47286105680485
2023-06-07,119.58076637530489,122.22635843266848,118.39024456702045,119.44847869873047,71301,71.52658010477296
2023-06-08,120.50671150797228,120.99173940440154,116.40604924653115,116.93517303466797,43885,56.2745336194981
2023-06-09,118.56661376616981,119.845313892809,115.3037196117942,116.36195373535156,47916,54.702496795148555
2023-06-12,117.46427989091104,121.87359980765828,116.49423758293256,119.09573364257812,124112,61.52478113717858
2023-06-13,119.27210956446554,120.5949056039975,117.37610729027392,118.43434143066406,44681,66.09525416612149
2023-06-14,119.44847767894336,131.75047794942074,118.12568166155489,129.41354370117188,837275,76.97283670844055
2023-06-15,132.76464004781675,136.6007407253629,130.64815818031525,131.75048828125,537760,78.26618342535834
2023-06-16,132.36778384674727,137.08574789018948,130.78042605067733,132.8087158203125,182552,76.67103812100183
2023-06-19,132.8087323605937,132.85281479849957,126.10656014522932,126.94432830810547,149071,64.61889546534343
2023-06-20,127.69390738044653,144.18476116495881,125.48924742379577,137.43850708007812,760826,72.48201363287038
2023-06-21,137.57078768102136,138.2762815911338,134.04333158663619,135.5865936279297,197681,72.61262584150894
2023-06-22,139.33451166829326,140.21637566619387,128.04664980393036,129.36944580078125,228791,59.655476365238165
2023-06-23,129.58991503061196,129.58991503061196,122.93183898925783,122.93183898925781,27913,51.43795955019885
2023-06-26,123.46097073871337,123.46097073871337,116.80289426835431,120.24217224121094,41149,50.565446873123655
2023-06-27,120.81536871552048,125.22468874163437,119.05164070507492,122.22635650634766,28381,52.46286912056642
2023-06-28,123.46096352881487,125.88608959813088,119.58076720038012,120.46263122558594,10739,53.16957646433294
2023-06-30,120.46263222675944,124.25463680171838,119.05164439223245,120.10987854003906,26812,53.38107115523327
2023-07-03,120.10987714020195,123.46096311601491,119.05164300472866,120.28624725341797,15858,51.125936669083885
2023-07-04,123.3727760809502,123.460967869042,119.05164758800478,119.18392181396484,26171,50.70305723165947
2023-07-05,119.71304301916255,122.13816912083989,119.13983677760066,120.3303451538086,17423,39.55374313828614
2023-07-06,121.69723729929213,122.79956734729296,119.13983697040113,119.71304321289062,12680,35.586042203004894
2023-07-07,119.49257720329047,121.2122093869363,119.49257720329047,119.71304321289062,9713,33.91115270305788
2023-07-10,121.69723224143597,121.69723224143597,114.64232022743968,116.53832244873047,15938,36.31088279678978
2023-07-11,116.53832120726997,116.53832120726997,110.7180269314316,110.98258209228516,58326,9.999965394211841
2023-07-12,110.23300064539512,114.5982247797174,105.91186567447795,113.27542877197266,39529,16.710496868517822
2023-07-13,112.30537780594672,118.1697746863732,110.67393076970028,114.64231872558594,32794,24.307671093724224
2023-07-14,114.6423225200245,115.5241865394093,108.91020639402328,113.93682861328125,33078,30.384596955487623
2023-07-17,114.1131949489972,116.93517048256831,113.76045473538913,114.64231872558594,16783,36.63153147705491
2023-07-18,116.40605260970744,116.40605260970744,111.90854737722285,113.98092651367188,13084,28.98875312278247
2023-07-19,114.02501965900882,117.68474993327632,113.76045776367187,115.7446517944336,26427,37.977506245564925
2023-07-20,117.19973096186808,118.1697868332691,114.64233050988793,116.18559265136719,13048,40.0447629930355
2023-07-21,116.18558398031728,116.62651598783272,114.64232195401325,115.12734985351562,8761,37.473253715394705
2023-07-24,116.31785920764042,117.15564079411817,114.64232294703916,114.77459716796875,7756,38.88888675273241
2023-07-25,114.86278463466013,115.5241826267983,112.87859065824566,113.23133087158203,12412,32.461869614059424
2023-07-26,113.363617865151,115.96511392742056,112.87858998258427,115.03915405273438,9630,39.09464024289515
2023-07-27,115.48009248803214,118.08158869545143,113.76046031405512,114.59822845458984,19181,38.30645400420083
2023-07-28,112.87860005241036,117.1997285781956,112.658134036683,113.89273834228516,19551,43.18184141915035
2023-07-31,112.65812829799536,116.67061227107718,112.65812829799536,114.55413055419922,17260,62.3100233615123
2023-08-01,114.73051673825657,117.24382117311272,114.06911870968747,114.81869506835938,12925,56.183757681586876
2023-08-02,114.64232294703916,117.06744900938037,114.64232294703916,114.77459716796875,25310,50.59287942847217
2023-08-03,114.86278917034687,116.4942429978476,113.9809251460064,115.56828308105469,15904,57.25491366897688
2023-08-04,115.61237211050728,116.58241440599173,113.98091837985316,115.17144012451172,9742,52.4193621532543
2023-08-07,115.52418804533238,116.40605207621279,111.11486789093038,112.7463150024414,15332,45.138894312713916
2023-08-08,112.74631990193231,114.55413720694426,111.24715367552348,113.49590301513672,9965,40.3774104791119
2023-08-09,113.49590524839891,114.59823535659272,111.1148749059359,112.92269897460938,13516,36.19407080480193
2023-08-10,113.31952927714244,113.67226951109839,111.55580119500793,112.17310333251953,8788,37.16477407199439
2023-08-11,112.74632093339804,113.27543803414247,111.55580577470084,112.48176574707031,8318,40.00009316910725
2023-08-14,110.49756742858722,113.2754337853234,110.49756742858722,110.9384994506836,9933,40.00009316910725
2023-08-16,111.46762241565608,112.8345077194558,110.05664121608353,110.27710723876953,12061,26.92322196662326
2023-08-17,110.67393632237024,111.95263648107452,107.63150809478356,109.08657836914062,17661,25.099697993493862
2023-08-18,111.07077069998405,111.95263472055744,106.83782743808486,108.822021484375,18044,26.141178041651685
2023-08-21,110.27709773110908,110.27709773110908,106.92601178396389,108.2047119140625,18881,20.000158608970494
2023-08-22,106.08824377167413,109.35113793827433,106.08824377167413,108.60155487060547,19122,20.987797609935086
2023-08-23,108.46927146622096,109.3511354618813,106.7055434749003,107.71968841552734,30377,19.465792280437597
2023-08-24,108.469272699439,110.233000710812,107.71968964022317,108.1606216430664,11158,16.9292403313694
2023-08-25,109.8802643610813,111.11487543374068,107.58741907076478,110.27710723876953,19095,31.058141004366448
2023-08-28,110.27708996208463,112.52583900432552,108.46926616804862,109.2188491821289,13130,34.73287685707645
2023-08-29,111.2912339743637,111.2912339743637,107.58740787007198,109.57160186767578,14163,32.41115747978722
2023-08-30,110.62983794819249,114.33366411854016,109.35113781816705,113.71636199951172,30933,52.694546255164276
2023-08-31,115.52418279145513,115.52418279145513,111.11486283758279,112.61402893066406,15543,51.4619599010199
2023-09-01,114.02502765854074,115.52419389572293,111.11487351802359,113.09906768798828,42951,52.02310173092955
2023-09-04,116.36196323068668,116.36196323068668,114.20139891541446,114.95098876953125,19572,62.88947828401383
2023-09-05,114.9950647713613,116.31786082374433,113.31952848748035,113.98092651367188,14500,61.66656493275228
2023-09-06,113.9809248724345,115.52418691132627,111.9967308224308,112.70222473144531,14238,61.32591958121509
2023-09-07,114.59822283484078,115.83284049482229,111.5557947598971,114.64231872558594,28232,66.49991089055803
2023-09-08,113.80455299736633,117.19972135665984,113.80455299736633,114.11319732666016,23573,66.83408652707041
2023-09-11,114.20138673048753,115.52418271578276,112.34947369669189,114.64231872558594,19852,67.08220732042513
2023-09-12,114.64232710002968,116.84698723656871,108.9102107450282,110.36528778076172,44719,56.27614881012281
2023-09-13,111.07077669963162,112.70223060828856,105.03000917802082,110.62984466552734,15640,55.90716483246916
2023-09-14,112.87860194355423,112.87860194355423,110.6298458542244,111.0707778930664,8904,52.06419669992039
2023-09-15,111.07076200839911,112.87858580034293,110.2329939456474,110.85029602050781,11061,54.43643571455542
2023-09-18,113.76046221739729,113.76046221739729,107.71969483286642,110.76212310791016,17853,53.2846804444014
2023-09-20,112.87859181577701,112.87859181577701,109.35113582153399,110.58574676513672,7852,38.940839355191336
2023-09-21,111.37942937681305,112.43766351869475,110.23300344970073,111.9085464477539,32995,47.546047599813804
2023-09-22,113.79011450686734,114.50690536407494,111.99814419967258,112.98372650146484,13895,49.614618692242516
2023-09-25,117.28445033259572,126.69229438082473,113.20772201319099,124.04914093017578,298160,68.81490281833916
2023-09-26,129.02186692014968,133.05380026140435,125.61712047542704,129.55946350097656,356448,77.12300679619337
2023-09-27,129.73865225353538,130.54503341862798,125.84111138840817,127.18508911132812,90680,74.28871343254401
2023-09-28,127.8122682591354,128.61866304715733,125.30352093190507,126.78189086914062,50786,71.46538871024576
2023-09-29,126.78188904031171,128.3498629330364,124.45232235960464,125.16911315917969,52049,68.82771957277508
2023-10-03,125.43791949178235,126.33390463100937,121.49559034784278,123.10835266113281,42564,63.70246319823093
2023-10-04,122.5259669496001,122.74996323287178,117.73244101892725,118.89722442626953,61822,63.8386501828492
2023-10-05,119.97240932496003,142.64083696054874,119.88281901055302,141.02806091308594,2537587,78.84477694708426
2023-10-06,147.7479424622233,153.21345722365623,141.6104525249663,143.6264190673828,2877930,79.67687639016914
2023-10-09,141.0728684395366,142.32725593527573,131.88902004619186,133.59140014648438,350866,67.5838576340409
2023-10-10,134.66656536126078,143.3576182322621,134.66656536126078,139.0120849609375,238151,70.17934255342178
2023-10-11,140.3112770028105,143.9848078374335,137.0857250621018,138.42970275878906,162361,69.77462785925238
2023-10-12,139.54969516567593,144.25361747463128,139.14650455923817,140.132080078125,121399,69.93671346554002
2023-10-13,139.9528694691506,141.25204512595454,134.4873685784053,135.5177459716797,73341,65.1597300588029
2023-10-16,136.99612915516767,142.41684225231077,135.7865573598433,136.3689422607422,105826,59.60866770577328
2023-10-17,140.5800498095925,141.47603486554056,136.1001245298522,137.26490783691406,53653,56.475882408612144
2023-10-18,137.48892591604226,137.981720509334,133.5913985072421,134.7113800048828,54100,56.30632623315519
2023-10-19,136.14495295955257,138.8329086494614,135.42816204124694,137.6233367919922,71963,58.71760888161656
2023-10-20,137.98170074907713,139.95286516830595,132.5609883424625,133.1433868408203,59708,56.12948529175465
2023-10-23,134.9801469367385,134.9801469367385,122.97395232420045,124.36273193359375,95126,50.87390813307446
2023-10-25,126.24431099800985,143.3576340288654,126.24431099800985,134.6665802001953,1066225,60.126595612189575
2023-10-26,133.05379246385203,133.05379246385203,127.54348935572551,129.962646484375,133688,40.84507077814935
2023-10-27,132.56099082052975,147.83753928051217,132.06819628859856,139.90806579589844,906724,47.25709302241816
2023-10-30,139.99767452801174,143.44722269704113,135.8313492027173,138.47450256347656,408978,54.125650041370086
2023-10-31,140.66967387796518,140.66967387796518,135.87614767524755,136.3689422607422,108989,47.63433426737577
2023-11-01,135.51774402994113,139.59447889872504,132.06819598597457,133.0985870361328,147251,45.44758744806904
2023-11-02,135.65213739570572,137.71290584065636,130.00744225610498,132.5161895751953,110890,43.36972194052616
2023-11-03,133.77058841292984,135.74175304961764,129.55946085463117,130.94822692871094,64307,45.79901578448262
2023-11-06,131.75462670151146,134.576974619432,127.45389499715462,129.51466369628906,83683,43.765284838605986
2023-11-07,131.6650021778694,132.24740067138455,128.57385644709444,129.33544921875,110393,42.692000147379254
2023-11-08,131.2170171934875,131.2170171934875,125.6619122217572,127.00588989257812,100510,42.8689764246528
2023-11-09,129.55945251821936,129.91784109395738,127.22988576097893,128.66346740722656,81998,41.51102421580261
2023-11-10,128.6634657151286,129.20104857166567,127.09549179151215,127.85707092285156,27557,44.616786903423375
2023-11-13,132.42659109085835,132.42659109085835,128.43946041391195,129.38023376464844,57324,55.995698330276774
2023-11-15,131.70981306897608,131.70981306897608,128.2154765582543,129.15625,51983,41.32577055020736
2023-11-16,129.64905392722653,142.86483544594083,129.066669023875,140.1768798828125,522175,63.41177639719695
2023-11-17,140.22168618572246,145.77679178590682,140.22168618572246,142.01365661621094,408492,53.512748452264574
2023-11-20,143.8504098219776,144.52239864362653,137.08571961638216,137.98170471191406,116999,49.243457793302994
2023-11-21,138.8776936910305,141.25204879192762,137.53371601014953,138.74330139160156,140411,53.802000615724424
2023-11-22,139.77368782600595,155.99102502319568,138.7880986611374,150.301513671875,2045653,71.7687002586963
2023-11-23,150.4359048546341,152.31747918379935,146.44877357503498,148.95753479003906,394225,70.41157308726038
2023-11-24,150.07751129292805,151.28709670335127,147.1655595812742,148.77833557128906,188796,72.92624449659004
2023-11-28,149.6295230064863,149.98791160490822,143.44723081799154,145.14959716796875,183890,69.02940738399343
2023-11-29,145.32877949070738,161.0085186333593,145.32877949070738,154.9158172607422,1954596,75.24312792626101
2023-11-30,155.72221474802333,163.92047303037285,151.5110874681736,160.33653259277344,739428,80.9999775769416
2023-12-01,161.18773378217398,165.48846552375232,157.29020632234463,159.75416564941406,477086,79.50681409936705
2023-12-04,161.63572362009532,164.861275788974,154.1094534549105,155.99102783203125,247432,75.2818275881833
2023-12-05,156.61819608142724,160.60532698779903,153.751046534803,155.4982147216797,196595,73.91304469309645
2023-12-06,156.61820004331642,158.05176801706904,150.07750600260468,151.06309509277344,203356,68.62147441077292
2023-12-07,151.645496353602,159.03737431470813,145.19440559460284,154.0198516845703,399390,63.6363581705296
2023-12-08,154.91582022717765,158.32056638339375,150.57030064170593,151.86947631835938,117294,59.64910079202247
2023-12-11,152.98944937246816,155.58780058422022,150.57029243882883,151.19747924804688,78046,63.84975324636697
2023-12-12,151.95908248524847,156.70779270469848,149.71911967545205,151.82467651367188,139910,63.747632693445624
2023-12-13,152.31747699933717,153.0342678607226,147.6583569078048,149.8087158203125,111608,49.35217123733368
2023-12-14,151.0630999235079,168.98280270581498,151.0630999235079,158.05177307128906,2225021,60.119628955993875
2023-12-15,159.3509543641837,168.44519759549416,156.79739137878448,164.50286865234375,712785,65.35432460806
2023-12-18,162.84529084046557,165.26444786002466,159.57495071590478,160.11253356933594,242540,64.39653418264983
2023-12-19,161.18770904778904,166.2052309216292,158.36536153853348,163.74127197265625,303458,59.628539170892026
2023-12-20,163.78607609333986,167.54921071189793,141.16245272181354,150.03269958496094,459751,40.480132497012676
2023-12-21,147.9271495463019,157.51418764559298,147.16555672170085,153.7510528564453,198365,44.757428109523936
2023-12-22,155.63260271841185,173.55230397952195,153.70624030150134,170.59555053710938,1111149,60.38213537099525
2023-12-26,170.64036018199332,182.69135708654298,167.9972068616988,176.19546508789062,1744631,63.71733144019263
2023-12-27,174.13471694496968,178.92822922769344,169.3411909905977,171.17796325683594,447713,63.229226795805666
2023-12-28,171.7155498012803,187.61928633162955,167.19083569757018,179.555419921875,1244088,65.67656184456521
2023-12-29,180.27219093669814,183.40813863972298,177.67383973713638,178.838623046875,390825,66.85329939248216
2024-01-01,178.8386508582162,180.0034206774421,174.7171134817812,175.88189697265625,196755,64.99730038617827
2024-01-02,176.06108797472766,177.80825634243718,170.32678828797623,174.5827178955078,292599,63.714920523639684
2024-01-03,174.58269063742597,183.67693333126655,173.64190361042427,180.80978393554688,336123,67.78006441718757
2024-01-04,181.88497469789763,183.45294861770708,179.19701940679568,180.04820251464844,184229,63.79989492781648
2024-01-05,180.3618164519813,189.7696606846457,179.555421600478,181.16819763183594,591714,61.20483074758238
2024-01-08,183.45297134230498,187.26090847639435,180.98901202024717,182.10899353027344,258089,65.5085561925352
2024-01-09,183.6769537660982,186.72329777453513,179.19702806448603,180.1826171875,174719,61.8770422450134
2024-01-10,181.39219105996892,181.66098933956062,176.3298804261942,178.21144104003906,148068,74.51288082318337
2024-01-11,180.98899258548767,180.98899258548767,176.598671006281,177.00186157226562,120750,71.14915647098829
2024-01-12,179.1970142125146,192.99517883821937,179.1970142125146,185.60330200195312,1012419,66.05945775074717
2024-01-15,187.88807086232282,191.51681321547179,182.55696230480643,183.90093994140625,235687,58.99583080671147
2024-01-16,185.02091899671055,187.84326652969634,174.98588883630316,178.7490234375,278824,58.81125321291794
2024-01-17,178.0322421022269,181.79537690344603,172.16353678269624,174.76190185546875,168730,43.78629054908852
2024-01-18,176.3298807953092,181.1681951514938,168.9828052770981,174.94110107421875,189980,44.87633543686789
2024-01-19,177.94265582233987,184.66254443086254,175.7026929528323,177.13626098632812,238099,51.682673413244245
2024-01-23,180.0930108278089,182.64657391268335,175.8818834582047,177.49465942382812,163790,54.00738745057359
2024-01-24,177.49465116863416,182.33296516882862,171.939532693003,176.82266235351562,153974,43.522583946122175
2024-01-25,175.6130780632581,177.04665967937228,165.75724204950382,166.96682739257812,336262,33.59552148500063
2024-01-29,162.26290944119586,167.9076047160641,159.30615583381618,161.41171264648438,273067,27.70474182835578
2024-01-30,162.84529996478935,170.41637169924905,162.84529996478935,164.59246826171875,242193,31.18381546169816
2024-01-31,165.5780511384902,171.1331560887158,164.5924620483777,168.26600646972656,272689,37.66232781426927
2024-02-01,168.44519467277323,170.147560852403,165.30924689960992,167.54920959472656,123024,38.66665671887743
2024-02-02,167.54922693804966,172.0291527920082,163.0693010840911,163.9652862548828,183518,36.80870636342329
2024-02-05,163.3381048095506,166.38444902303988,159.93335831281902,160.8741455078125,121982,21.836764626149204
2024-02-06,162.1733154876755,171.93954835501415,161.2773303192353,167.23562622070312,182623,32.84133270323737
2024-02-07,167.4596229935051,170.8643693776809,163.11410311708556,164.77166748046875,94282,34.76563201622125
2024-02-08,167.2356116744279,167.54921192476428,161.45651057498878,164.23406982421875,83934,37.59238918153705
2024-02-09,166.65321886711786,167.1460133776672,155.90139829504574,159.44053649902344,120181,33.52379018432491
2024-02-12,151.3767039143867,157.60379861248396,142.46165349006185,143.85043334960938,443231,22.4610881040162
2024-02-13,146.09037868840085,152.27267063822114,143.40242328906191,150.70469665527344,142898,29.986592426875617
2024-02-14,147.38955171321362,152.49666414463064,146.04557403801712,150.48069763183594,102959,30.188661057106927
2024-02-15,151.86946786596894,155.36380413581915,151.37667334800364,153.66143798828125,102694,38.87638448499149
2024-02-16,154.87103470476873,155.40861757809847,151.42148649639864,152.09347534179688,50180,41.653285790904064
2024-02-19,153.4822654861166,155.4534301659954,151.42149681875057,152.72067260742188,70532,38.856171666777435
2024-02-20,152.72065553157353,155.40861079586045,150.07750225602086,151.10787963867188,83426,33.245813297145276
2024-02-21,151.73508667957353,155.45341948682395,150.07750872647267,151.28709411621094,75134,33.95225280463727
2024-02-22,151.64548135707534,152.9894590352769,146.58317090450868,148.01673889160156,80770,34.16368133303354
2024-02-23,150.52550840329116,155.5878191398614,148.55434376567302,152.22787475585938,107877,41.601376880805304
2024-02-26,153.1686547601044,154.28863616910144,150.79429964168992,152.09347534179688,49924,33.26732593133161
2024-02-27,153.21346550158347,154.06464868670693,149.62952478809612,150.301513671875,36889,33.76884958805786
2024-02-28,151.1975010067896,151.8694899001531,145.19440296040537,145.91119384765625,62113,31.082344815765197
2024-02-29,145.1495966234762,147.7927501239567,143.35762629479132,144.88079833984375,60391,33.70111934625943
2024-03-01,147.0759538795113,149.4951246720845,146.04557644685835,147.16555786132812,54098,55.285678696131136
2024-03-04,148.2855474909208,149.7191292495228,144.34321816223866,145.10479736328125,52034,39.46039956830127
2024-03-05,145.149593984648,165.5780580945948,144.3432128200593,156.93179321289062,1367519,58.45070225465861
2024-03-06,153.3478633614387,163.8309012652329,148.24075039415268,150.74951171875,533192,46.463579516646945
2024-03-07,150.97350148644756,156.0358122397372,149.67432572133905,151.69029235839844,157962,49.50277544749834
2024-03-11,153.12385285716013,153.12385285716013,145.14959068919097,146.0903778076172,100077,42.7165337832696
2024-03-12,146.89677049168765,148.68874088785742,137.08573530698794,138.25051879882812,140427,37.57578063118136
2024-03-13,138.87770278353995,141.52085632799367,126.78190286368324,128.21548461914062,243554,31.2727260116489
2024-03-14,128.26026991498102,137.7577180596208,127.05069815451982,133.9945831298828,202587,39.06359413923389
2024-03-15,133.5017945187712,136.9513430001642,131.88901842783878,134.7113800048828,93162,35.55063152682399
2024-03-18,136.72734445400968,136.72734445400968,131.35143335366826,132.02342224121094,72147,34.113477113235305
2024-03-19,132.38180052789144,134.0393784566291,125.61711018621446,126.60269927978516,137219,32.26021848207941
2024-03-20,128.03627428611776,130.67944145350376,121.3163855656081,122.79476928710938,294635,32.54396852619077
2024-03-21,124.6315305819123,129.6938408349635,124.13873605166414,127.4986801147461,148076,37.564091101474496
2024-03-22,126.3339016563014,132.113002933909,125.39311454793554,127.6778793334961,92625,35.62457853658108
2024-03-26,127.5882695634732,130.0074402099677,124.09393322998805,124.90031433105469,134856,35.251781653645466
2024-03-27,125.79630480094067,127.85707330179504,122.97395715457677,124.13874053955078,182954,21.450849775811264
2024-03-28,124.5867352534556,129.42504949427698,121.45078729360705,123.69075012207031,179398,23.830141477440762
2024-04-01,124.18354155394735,132.560994118617,124.18354155394735,131.12742614746094,132354,32.332555547368955
2024-04-02,130.72423032196238,143.26802265279656,130.72423032196238,138.87770080566406,385637,44.023758307429844
2024-04-03,138.87769604957361,143.80561429649399,137.71291263869918,141.43125915527344,112654,52.88852091012389
2024-04-04,143.53681907906503,150.52550602153752,141.96884505800733,147.92715454101562,301955,69.13043014679423
2024-04-05,147.88234506529136,150.39110610635643,146.22476714396774,149.13671875,99443,66.12594210387762
2024-04-08,151.10788964349064,151.10788964349064,143.31282159527834,144.65679931640625,187153,59.805642227644874
2024-04-09,145.14959602712472,147.12076064624978,143.40242769816496,143.8056182861328,73972,62.053160419401614
2024-04-10,143.492017915617,144.29841276266387,139.2360884053122,141.07286071777344,99874,65.66441794311915
2024-04-12,142.0584504580915,143.805618793212,140.22167813792947,142.14804077148438,64979,72.26804963546607
2024-04-15,140.66965706309702,140.66965706309702,133.5017764484169,136.95132446289062,69861,60.7543384014781
2024-04-16,134.8905487862363,139.9528587290242,134.8905487862363,138.160888671875,41101,61.65337751685166
2024-04-18,138.87770084981378,145.91118987764122,137.0409285235994,139.68408203125,91009,66.90576405715026
2024-04-19,137.57851753437367,140.40086518600197,136.2345398580463,139.2808837890625,39196,67.45867585029976
2024-04-22,141.0728559783293,145.14959105399012,140.7144673950034,143.6264190673828,84096,71.09004785238916
2024-04-23,143.62641633417027,152.31746919508996,142.90962550951087,149.405517578125,211363,70.03928987145724
2024-04-24,152.31747262920643,153.6614503288759,149.80871152216045,150.70469665527344,104679,65.10296831839977
2024-04-25,151.77986693889275,151.77986693889275,146.94155298015627,148.15113830566406,46599,58.581225799210614
2024-04-26,147.03116782235244,150.7495007069401,147.03116782235244,149.04713439941406,76765,51.6688896094063
2024-04-29,150.34631038806532,158.67897498878202,148.73353438927364,153.3926544189453,198371,55.799763365778695
2024-04-30,156.5285975202114,156.7973957901813,147.29994806223115,148.01673889160156,119155,54.46959840050339
2024-05-02,156.79740222078016,158.58937253187477,148.64393183664018,149.5399169921875,198253,57.49413216927271
2024-05-03,152.22786857163544,154.5126333942685,149.00233029701948,149.8983154296875,90340,62.29712094481078
2024-05-06,147.83754272460936,149.36071467289702,144.7911988280341,145.5975799560547,76291,54.41007155790705
2024-05-07,146.94156275040064,146.94156275040064,138.1161036653301,139.773681640625,96252,53.551299015974955
2024-05-08,140.80407277559672,142.1032622904167,138.96731399989872,140.08729553222656,69315,52.47986140165823
2024-05-09,141.02805675927155,141.3864590212896,133.50178698832084,135.11456298828125,78904,44.597471310319044
2024-05-10,135.9209358525287,137.71290603824863,132.8745920054638,134.44256591796875,50694,44.315800040872375
2024-05-13,133.9497639870684,135.38334552515394,130.63462206084824,132.3817901611328,71146,36.040047949637724
2024-05-14,133.7257699309284,135.1593514926491,131.66500156282257,132.3369903564453,55257,25.291864891526146
2024-05-15,134.44256716044413,136.05534307682635,129.91783966535564,130.58982849121094,72680,21.25484955900413
2024-05-16,131.70981770424387,135.5625566027113,131.70981770424387,133.7257843017578,92228,29.722970538272804
2024-05-17,134.21857152684439,137.7577099589396,133.99457525048837,136.86172485351562,52567,33.88626194885545
2024-05-21,140.4008658331871,141.56564922570288,139.01208616025093,140.35606384277344,42807,32.36365347823897
2024-05-22,140.8040550009195,143.17842375271115,137.08572225164195,137.39932250976562,52821,34.63037924467372
2024-05-23,137.57852552018673,139.28089187369025,136.10014178742438,136.4137420654297,37066,30.69831749161618
2024-05-24,139.1464928391837,139.1464928391837,135.02495578982695,135.4281463623047,51484,29.10738606646477
2024-05-27,135.51776734458548,136.63774889288786,132.02343038254202,132.69541931152344,67836,30.48784765329698
2024-05-28,134.08417389590764,134.12897588829435,130.8138335264069,131.53062438964844,45706,35.48898330990119
2024-05-29,131.26182171196393,132.1578068431036,128.6634703003181,130.50022888183594,37986,33.53842896952281
2024-05-30,129.02185333622185,131.7098086140598,127.49868141310984,129.245849609375,47722,38.4479531348742
2024-05-31,130.76902715550747,131.66501228664717,128.52906432765826,130.50022888183594,41573,42.41378763596986
2024-06-03,132.1578085832734,135.2041526006014,131.4858197260703,132.11300659179688,46159,49.473707483541965
2024-06-04,132.11300425226187,132.11300425226187,115.58208139213498,123.01876068115234,112584,36.52851552581695
2024-06-05,121.98836304397084,128.12586630412088,118.31483242285506,126.82669067382812,99946,44.86552399257501
2024-06-06,126.82670273870451,131.48582285865066,126.60270644763355,129.06666564941406,49466,43.48371397998804
2024-06-07,130.8138239476588,138.877689807446,130.8138239476588,137.98170471191406,155276,51.34843428846894
2024-06-10,140.53526967573796,140.53526967573796,136.18078150345667,136.75421142578125,79959,45.41306171052723
2024-06-11,137.66810259631302,138.20569911501417,135.49982033507388,136.7989959716797,38215,49.174243569077845
2024-06-12,137.04091455028873,141.1266043067144,137.01403609175807,139.415283203125,92367,53.951392264705056
2024-06-13,140.3112754920588,140.3112754920588,134.98015308194843,136.33309936523438,105193,51.129006834920226
2024-06-14,137.95482766272812,137.95482766272812,133.6809748852993,134.50527954101562,68545,52.31011667149682
2024-06-18,134.71136796711596,148.7156060654794,134.71136796711596,141.6373291015625,382408,61.19490798363101
2024-06-19,142.14803734575517,143.3576227564218,138.8776970452836,141.2789306640625,110060,62.119686175254046
2024-06-20,140.6696650743028,144.43279987699276,139.4152913639555,140.51734924316406,98396,62.815820026912405
2024-06-21,140.22168487298495,147.55083730267646,140.22168487298495,143.45619201660156,222665,64.1876160256121
2024-06-24,144.27152754932138,155.89245562519667,144.27152754932138,153.2134552001953,698269,69.60866307515516
2024-06-25,154.42305374164698,162.0658063570452,153.45538809098338,155.99102783203125,584689,84.71698977145019
2024-06-26,155.9103666991589,157.8277743200353,153.61664696633275,154.55743408203125,160073,80.73483739994143
2024-06-27,154.11838639017998,171.21378310218302,151.42147626140007,161.91346740722656,1096458,82.69708646079779
2024-06-28,162.89011253552542,164.07280589347124,157.33500701480898,161.1967010498047,228022,77.61673350221926
2024-07-01,159.67351543179439,168.17640553363367,159.67351543179439,163.6696014404297,257179,81.09730792651
2024-07-02,164.86126097480528,165.17486123336215,157.46938378435885,160.1215057373047,147564,74.92819011695079
2024-07-03,162.5316813945665,163.8219020444503,159.66453199018406,162.8094482421875,108279,74.96653563181704
2024-07-04,164.41326705347618,164.75374576889564,159.02840148485305,159.63766479492188,116661,74.82344061148743
2024-07-05,161.26838078253041,162.9797021210287,157.8277872302057,158.2489013671875,114531,75.52990489340868
2024-07-08,161.1877329537595,161.27733694294307,154.55744790365378,155.62367248535156,67326,66.65248391359688
2024-07-09,156.7973968910858,161.2773225165454,155.0502286314862,157.3439483642578,70072,68.52659285618006
2024-07-10,159.4763972793737,159.4763972793737,148.38409705980987,152.20098876953125,108328,62.23724724385892
2024-07-11,150.53446245304778,154.77248212154402,150.53446245304778,152.7565155029297,66874,60.25287599171838
2024-07-12,155.8566100591686,164.2340764626896,154.27968115792908,158.09657287597656,372425,55.9641131917939
2024-07-15,159.03736581192342,183.67695769827773,155.310064267192,178.5877685546875,2667670,69.26368972048203
2024-07-16,184.6625558508269,189.71591185008137,178.30105543935602,180.33494567871094,1770838,71.8584244384057
2024-07-18,180.10196223501669,185.02092541605515,171.73346457971843,179.84213256835938,889543,67.2055218254497
2024-07-19,181.6161893294882,194.5631721665555,170.95397138640894,173.01473999023438,2501772,60.15084185039589
2024-07-22,172.8355165987696,187.8970372895551,172.0201805657827,179.12533569335938,979588,62.49456935912146
2024-07-23,179.1970310872366,181.88498655354516,170.2371795328748,176.44635009765625,420777,63.38525549421472
2024-07-24,176.50905855840597,189.15140842638408,176.50905855840597,186.45449829101562,709107,67.3094709581946
2024-07-25,186.36489936873045,186.36489936873045,175.92667850255432,178.16664123535156,462793,62.61899986594492
2024-07-26,179.86901666954603,184.59981711013646,172.96993383298897,175.5234832763672,886062,61.56707153721047
2024-07-29,174.71709838341934,180.22740140223723,174.71709838341934,175.45181274414062,330223,63.747047645807626
2024-07-30,176.4642686891736,177.3781773501976,174.08991356239093,175.03070068359375,166560,62.487355023118084
2024-07-31,175.60412512569675,176.72410650359808,168.4541541655884,169.385986328125,323169,62.04774270900593
2024-08-01,170.95396315502114,171.40195571377555,165.80204872934516,167.1997833251953,175127,59.8992830253244
2024-08-02,165.8020489765652,166.9130617740781,162.71985798027532,163.929443359375,158450,54.11453042345555
2024-08-05,158.23993769730393,161.92243720622355,151.60965306396884,153.7152099609375,263549,29.47957711549259
2024-08-06,155.54302529072257,160.85621059206895,150.5344579831885,151.3498077392578,244006,26.328083292168103
2024-08-07,154.91582883285736,160.38134378236845,153.0432231279907,158.81336975097656,157113,34.58152061669398
2024-08-08,159.12695743282336,159.24342619778855,155.2831737410799,155.82077026367188,88149,36.64205354255437
2024-08-09,158.05176722040227,159.93334141155017,156.18813023108237,157.28121948242188,84334,31.707679836608364
2024-08-12,155.63261946063614,163.95632924796965,152.84610506790753,161.22357177734375,201447,37.51654217077326
2024-08-13,161.22357015493864,161.63571566801102,156.259804765461,156.82427978515625,77004,23.240027054245743
2024-08-14,156.88699892802595,158.40120228648212,151.9142788110608,152.56834411621094,106830,25.065472067728294
2024-08-16,152.94465868663534,158.16825362591047,152.94465868663534,156.06268310546875,104462,31.353030121822442
2024-08-19,157.69339608599205,172.74595026489388,157.69339608599205,168.5437774658203,766545,44.652530535116654
2024-08-20,169.83398985792346,177.39610679781737,167.99721754510065,173.44480895996094,479547,48.85199350604738
2024-08-21,173.3283237855285,179.10742524377102,168.42728394243701,169.62791442871094,282572,50.179888969192525
2024-08-22,170.23717195513206,181.7953744771108,170.23717195513206,178.8834228515625,1101853,57.86109709725248
2024-08-23,178.92823683469624,179.19703512170858,173.05953120013052,174.4214324951172,175049,56.947906088485375
2024-08-26,176.82267867286254,179.09847498791058,172.49506866349702,175.43389892578125,217959,66.37838106538942
2024-08-27,175.16507404453364,176.2761004078365,171.23170029444043,172.61151123046875,128724,65.92400718873773
2024-08-28,173.91072093893294,185.84523588049524,171.9664211563601,180.66644287109375,1168122,66.22320728475036
2024-08-29,180.45140132823803,212.79647027936005,178.30104246565327,205.69131469726562,8825676,77.89693812053589
2024-08-30,205.18059732868798,236.9164030600971,202.7614401818497,226.97096252441406,14686131,81.9084213404733
2024-09-02,230.26818722094185,262.5236531351594,230.26818722094185,258.1333312988281,6375892,85.51817875351122
2024-09-03,250.87583549810773,252.66780575166564,245.23114013671875,245.23114013671875,68679,80.50076185679114
2024-09-04,233.00091552734375,233.00091552734375,233.00091552734375,233.00091552734375,39131,76.30235405572064
2024-09-05,221.3531342788766,232.95613924947259,221.3531342788766,224.0858917236328,518627,71.48273644354246
2024-09-06,216.8284070865,221.84592941335936,212.88607788085938,212.88607788085938,200512,64.1182129614542
2024-09-09,206.39018599888473,223.5034942626953,202.4926451045406,223.5034942626953,210081,65.37847025601987
2024-09-10,227.5802190815915,231.07455555946072,215.03642747866914,219.60595703125,210903,65.34609237844775
2024-09-11,219.51636020798085,219.51636020798085,208.76453848350832,211.00450134277344,101588,59.90276777741493
2024-09-12,210.5565124909832,212.34848281005543,203.43343320700095,209.03334045410156,63744,60.83711670164814
2024-09-13,209.61572363280507,212.25887709759078,205.6285924396556,207.42056274414062,76682,59.97763516474813
2024-09-16,210.51169756246685,210.51169756246685,198.90869319382335,200.52146911621094,135475,58.490055982818504
2024-09-17,201.82064888772976,203.8366154138003,195.54875302884358,196.89273071289062,102562,55.07254354616208
2024-09-18,197.3855173543087,202.98542414675023,193.3535844637508,194.5631561279297,65907,45.94593813346888
2024-09-19,200.75771957479452,202.29505070368288,188.09732284485253,195.01531982421875,146523,36.275653301433316
2024-09-20,196.14572552412096,204.73670959472656,192.6189060041045,204.73670959472656,48482,21.89017136274876
2024-09-23,210.70518606896292,214.95545959472656,207.99224375906212,214.95545959472656,105448,33.59843918968404
2024-09-24,225.6715850830078,225.6715850830078,214.95545754175092,225.6715850830078,200674,45.963181315841446
2024-09-25,225.62635927995476,225.62635927995476,214.41287039034583,214.81980895996094,84698,45.00307092150027
2024-09-26,212.51379784806136,225.535914409469,204.64626851726354,224.179443359375,136426,56.2135037813852
2024-09-27,219.70309400412106,221.5569405521621,216.1310562937418,217.6231689453125,60456,46.61335773339545
2024-09-30,226.033290309319,226.033290309319,210.7051701744048,212.78509521484375,42950,46.11377855426706
2024-10-01,211.8807883117416,211.8807883117416,204.4654157342021,209.0141143798828,51315,48.79990917575155
2024-10-03,203.56110753273884,207.8113810033877,198.5873800290834,199.93479919433594,51484,44.947201192032146
2024-10-04,202.02376486748523,209.927475086518,198.8586655104824,205.55059814453125,57311,49.00573662786754
2024-10-07,205.55058312777973,207.08791422912185,195.33183176196647,200.76675415039062,58662,50.133419562901736
2024-10-08,193.52322077699554,202.5663619347991,191.89545260884324,201.0109405517578,47888,52.32567658419705
2024-10-09,200.75773124578373,206.54533599643716,194.97012649513027,204.70957946777344,36632,55.64273569781584
2024-10-10,203.4706668260511,214.93736267089844,203.4706668260511,214.93736267089844,54981,59.99274124084982
2024-10-11,217.93968755768225,218.8440016139382,208.89654699512283,210.2891845703125,35261,52.9344215999209
2024-10-14,211.60948601739682,214.32242814582497,200.3507789441674,205.08033752441406,47938,44.48929579239746
2024-10-15,205.00799599080236,207.540078135206,199.8534085746428,201.2189178466797,28818,35.22403720614595
2024-10-16,201.21892961713706,207.99224733484817,200.75773438407083,204.17604064941406,37064,42.88994360473081
2024-10-17,206.6357642047707,206.6357642047707,197.14046650608321,199.79010009765625,30540,32.54822663132012
2024-10-18,195.42227095438017,202.46687130467458,193.07104891415088,197.1314239501953,33462,34.470963950631685
2024-10-21,197.13142124232513,203.37118255752904,189.90594714300542,192.5103759765625,40601,34.58472436077706
2024-10-22,192.510380263067,198.04477785886957,182.8794273071261,186.47860717773438,46107,33.43527159596826
2024-10-23,186.1078427750751,192.528464544952,177.14608681735325,186.67755126953125,109914,38.79205653953116
2024-10-24,196.01007080078125,196.01007080078125,191.7145790531286,196.01007080078125,38112,42.41115838196761
2024-10-25,203.29885021637006,204.46542313038628,188.09733243284094,194.99725341796875,85968,45.1178653769874
2024-10-28,193.50512698917248,200.75772992488012,189.18250670099528,197.44793701171875,45423,47.09353199622902
2024-10-29,187.57282756682304,198.67780352807878,187.57282756682304,193.69503784179688,30428,41.02299563865098
2024-10-30,193.51417375849033,203.37119165046914,189.99639256084046,202.30410766601562,48887,39.424687076969214
2024-10-31,206.04796644863853,208.80611332421452,198.94909547689957,203.45257568359375,35416,43.920877131283135
2024-11-01,209.6199960234844,209.80085607069446,201.6620297576072,204.5558319091797,18337,49.496873572908974
2024-11-04,208.67048177828002,210.3434684084571,195.33184859852,196.9777069091797,44794,46.20244517323939
2024-11-05,194.60839495915175,205.27930428527029,194.60839495915175,197.5655059814453,48120,43.81869691942168
2024-11-06,194.47275295813085,205.27930385972093,194.47275295813085,203.8685760498047,36316,53.68165636037414
2024-11-07,205.27929206040375,205.7314490913738,195.78399441003265,199.04856872558594,29519,51.66562025735307
2024-11-08,202.4578286000128,202.47590494544605,195.8292051321589,196.79681396484375,22780,53.883967111626795
2024-11-11,198.9490969532172,198.9490969532172,189.99639310981755,192.2119598388672,29993,55.33491276090584
2024-11-12,192.61889354611358,196.06432788484466,188.5494803021816,190.79217529296875,31077,53.74362286334338
2024-11-13,190.71079650729612,190.71079650729612,181.2516651229409,181.34210205078125,52514,36.68307639110927
2024-11-14,177.2455674195613,180.8628238975115,173.27562898696044,175.05712890625,57855,33.47817995437394
2024-11-18,177.23651917311315,179.45208588019372,166.57464858300239,175.57257080078125,36911,31.274161230743502
2024-11-19,173.49265565346073,175.52736226175585,170.29137619578347,171.57550048828125,40679,31.143969248155273
2024-11-21,167.3885397097039,175.3555444506673,167.3885397097039,169.83018493652344,17774,18.64845825517095
2024-11-22,171.2770686995551,176.3412326964874,163.6808365028934,170.2552032470703,31538,17.495966919024937
2024-11-25,170.01104272540766,176.79339815328296,170.01104272540766,173.0314483642578,33367,20.11313708323665
2024-11-26,174.53260626353182,181.6766815185547,170.11051124745708,181.6766815185547,30551,35.78147119677665
2024-11-27,189.0016404608626,190.75601196289062,186.2886982532904,190.75601196289062,28701,44.53475615715103
2024-11-28,193.5232102321247,200.2874755859375,185.61046215020374,200.2874755859375,82956,47.267443796486965
2024-11-29,207.08791394279186,208.89654201216123,195.33183149189102,198.81344604492188,49381,49.81093562388054
2024-12-02,194.83445739746094,194.83445739746094,194.83445739746094,194.83445739746094,27645,48.46469765628377
2024-12-03,190.93687438964844,190.93687438964844,190.93687438964844,190.93687438964844,23599,48.99155777798052
2024-12-04,194.75306701660156,194.75306701660156,194.75306701660156,194.75306701660156,28232,53.018192100827086
2024-12-05,198.64163208007812,198.64163208007812,198.64163208007812,198.64163208007812,25397,64.40296417952769
2024-12-06,202.611572265625,202.611572265625,202.611572265625,202.611572265625,216752,73.8606201355364
2024-12-09,206.66290283203125,206.66290283203125,206.66290283203125,206.66290283203125,74899,75.36896721055112
2024-12-10,210.7956085205078,210.7956085205078,210.7956085205078,210.7956085205078,28637,81.93198835290046
2024-12-11,215.0097198486328,215.0097198486328,215.0097198486328,215.0097198486328,54715,85.36240877795422
2024-12-12,210.70516967773438,215.22673984249263,210.70516967773438,210.70516967773438,36848,79.84784957992333
2024-12-13,206.49107360839844,206.49107360839844,206.49107360839844,206.49107360839844,16558,74.17668658301447
2024-12-16,206.18360900878906,206.491072482456,206.18360900878906,206.18360900878906,30561,70.13373802570563
2024-12-17,206.18360900878906,206.18360900878906,203.47066678498922,206.18360900878906,20857,64.89696100304079
2024-12-18,207.9018096923828,208.03746508898894,207.9018096923828,207.9018096923828,23204,58.65899743568476
2024-12-19,203.74195861816406,203.74195861816406,203.74195861816406,203.74195861816406,16020,55.2820304504775
2024-12-20,199.6634979248047,202.56635216794166,199.6634979248047,199.6634979248047,10308,55.16441210336266
2024-12-23,196.3717803955078,198.949080825699,196.3717803955078,196.3717803955078,32557,55.88866455797073
2024-12-24,193.11627197265625,196.37179433807054,192.70933340182165,193.11627197265625,11294,48.204737181583475
2024-12-26,196.9777069091797,196.9777069091797,196.227124538809,196.9777069091797,10616,48.17389364718554
2024-12-27,200.9114532470703,200.9114532470703,200.9114532470703,200.9114532470703,2678,48.132688567131474
2024-12-30,199.85340881347656,204.92661128146048,199.85340881347656,199.85340881347656,27580,41.994461185423994
2024-12-31,197.7734832763672,197.7734832763672,197.6830601491003,197.7734832763672,21855,33.91421143978154
2025-01-01,200.47738647460938,201.72534429490653,199.8534075644608,200.47738647460938,16274,31.352979067914262
2025-01-02,201.6620330810547,201.6620330810547,200.93857908155456,201.6620330810547,21460,37.386480645681694
2025-01-03,205.69528198242188,205.69528198242188,205.27929144373456,205.69528198242188,15472,48.884388194318774
2025-01-06,209.80087175887166,212.4957239204036,195.44035939702167,197.2309112548828,49603,39.785403003076624
2025-01-07,201.66204235536674,207.08792690304475,187.3648387800332,201.4269256591797,32846,45.047089620582035
2025-01-08,201.8428935654081,205.55058669661065,194.52699619936982,196.4441375732422,22441,38.82912030791514
2025-01-09,196.22712285692796,200.75773156109892,190.94591799008145,194.96107482910156,26952,40.96744624077852
2025-01-10,19803.574814450745,19803.574814450745,18521.25739872897,18542.9609375,53601,99.86616621101217
2025-01-13,185.0136175695401,187.1839796789553,176.15133666992188,176.15133666992188,36251,49.972493717579475
2025-01-14,176.15132929484227,184.95031501469617,170.01104291217163,183.7747039794922,35762,49.987293984244964
2025-01-15,183.56671616956456,189.9059527682349,181.76712622102482,184.42581176757812,22491,49.98292593848052
2025-01-16,180.88089733172302,190.81026158266258,180.88089733172302,184.86891174316406,14959,49.978175617950434
2025-01-17,185.88176010558425,193.1162726755998,183.21403635513855,191.8411865234375,20669,49.98910187223824
2025-01-20,203.47066374168494,219.74831684101974,200.8210301661317,211.59140014648438,322026,50.01878593288014
2025-01-21,215.58846654487718,221.556944864812,205.50537028787153,207.71189880371094,132785,50.00983525376063
2025-01-22,209.80087615340213,209.80087615340213,195.34088838545588,197.936279296875,83292,49.99493605446368
2025-01-23,200.4864243414599,226.06947682605175,200.47738616840545,215.44378662109375,436996,50.01324505709002
2025-01-24,219.02485403429117,225.17419216232702,202.56634154361947,204.4382781982422,194721,50.00979179872396
2025-01-27,204.28453384240927,204.28453384240927,181.77615818932205,185.49288940429688,220055,49.97836097791538
2025-01-28,188.27818681037226,190.37620207835172,168.24763565850253,176.2236785888672,197632,49.97254305081961
2025-01-29,187.19301910981963,198.76824237490877,181.24263066294395,185.8998565673828,279342,49.98769869348747
2025-01-30,184.7513636982751,193.96632610168538,183.24116088634412,187.7808074951172,77826,0.34897229118088546
2025-01-31,188.7303435704399,194.3009215510107,183.12359909852879,184.9503173828125,142176,53.65982450105418
2025-02-01,187.9616785999508,190.26766836132268,179.05417979278457,186.5780792236328,62040,51.22723802841401
2025-02-03,184.05503558991012,185.4024684780263,179.9584940896576,181.79425048828125,64065,48.88820612210586
2025-02-04,183.693318346662,189.90595148685014,182.499617171065,185.04978942871094,68901,50.07464415881435
2025-02-05,185.14022510685834,192.33857154173415,185.14022510685834,186.73182678222656,53207,47.79521386254996
2025-02-06,186.73181850172222,189.45379890265875,181.57721723005827,183.3315887451172,63049,35.80190940777449
2025-02-07,184.679027065258,187.826036277439,181.44158092335678,184.9051055908203,48239,38.2697729493728
2025-02-10,186.65043065850762,186.65043065850762,176.34125511003194,178.03231811523438,64782,39.44769269549612
2025-02-11,175.34649179236823,176.87478477096073,167.1262802481352,169.1157684326172,73789,22.977119822989465
2025-02-12,163.31912301879015,171.75636096598114,158.1373935750007,166.85498046875,133723,25.587419228802943
2025-02-13,167.28905780705904,170.9153521091307,164.22343378943205,165.0011444091797,44749,32.89038534207458
2025-02-14,165.4894842662667,166.4028365616112,150.66777636398612,155.40638732910156,120392,32.71254986854623
2025-02-17,154.54726067919302,160.07261989980242,151.65345857155714,155.25262451171875,59479,19.76806039352607
2025-02-18,154.90901116738763,155.23456480180505,144.69025887461993,148.29847717285156,69913,14.59621431249299
2025-02-19,148.75967385864882,159.15928631685225,146.17333490405045,157.14266967773438,55331,27.49234019134454
2025-02-20,155.63246013377315,160.95886956252147,153.10941609983357,157.18788146972656,41754,25.585964930070546
2025-02-21,158.25496173676657,161.04025071918215,154.9090024483653,156.0755615234375,32926,27.24802474248625
2025-02-24,152.37693080248226,160.64236139317183,151.66252871170786,157.23309326171875,60123,24.443367159398406
2025-02-25,154.86378285392775,159.159274641117,149.95336412901912,156.76284790039062,64690,21.83889884126438
2025-02-27,153.87808818840293,157.124572445508,147.40319602082187,149.6730194091797,53486,20.422776942872062
2025-02-28,147.4484191368302,149.17566240731443,135.47529529266637,139.6984405517578,101283,15.385686672573854
2025-03-03,140.16867808859075,144.37373291175354,129.31690946237728,133.10598754882812,134384,15.452022029661379
2025-03-04,131.1345779630006,141.94114210881108,131.1345779630006,133.72091674804688,130656,18.79783455368137
2025-03-05,133.38631887259132,145.59455822703188,133.37728069987406,144.50938415527344,111491,32.87595659379993
2025-03-06,145.5945655519026,151.0204499824083,144.6992896533236,148.99478149414062,76883,38.209431124297254
2025-03-07,150.4778625946757,152.82908480345495,147.4122383094435,151.4364471435547,55100,46.73119988260292
2025-03-10,152.64821405508985,152.64821405508985,137.54617221393556,140.186767578125,59493,39.51147245773065
2025-03-11,136.7774949562467,142.77310129951135,135.0593038448861,138.76698303222656,78882,42.810357313694915
2025-03-12,138.54091379724824,143.41516611894238,135.64711151141884,138.0345001220703,67468,33.57687246444553
2025-03-13,138.03448803062687,138.72176170120252,131.57768664023098,132.7171173095703,77969,30.715509159831328
2025-03-17,132.7171301922838,135.4662527389139,127.59872295648026,129.15414428710938,70274,29.573232573497478
2025-03-18,129.15414428710938,129.15414428710938,129.15414428710938,129.15414428710938,0,28.31402057890182
2025-03-19,135.19495694048257,139.27340853348255,134.03743600502497,137.28392028808594,80270,36.54759021886638
2025-03-20,139.08351500639168,142.68268135562946,136.97646144199507,138.64039611816406,88009,41.72545551342564
2025-03-21,139.07446007226696,143.26143879207922,137.45574389650946,138.8031768798828,109881,49.212667740203976
2025-03-24,139.49045381376246,148.41602981399652,139.49045381376246,144.6631317138672,134813,60.296493062116724
2025-03-25,144.59982161408564,147.49363782397975,136.75941988501773,138.26962280273438,103988,53.67421796041117
2025-03-26,138.043549396961,139.4904575556071,131.125551673018,131.30641174316406,159861,38.632840498496066
2025-03-27,131.12552788800662,138.3510015991736,130.0493920375417,133.18736267089844,154192,35.75154119730213
2025-03-28,133.18737726188914,137.95311635087322,131.12554225311845,132.9703369140625,102171,32.659622545048336
2025-04-01,133.1602385210599,138.9116762003027,132.76233814722286,135.32154846191406,40605,44.51466594457189
2025-04-02,137.13921796656675,140.33144540804065,131.17075361140078,139.5989532470703,64269,50.88122843152846
2025-04-03,136.55142367859372,141.0820321721724,131.12553929401383,138.93881225585938,68892,50.959323641625886
2025-04-04,139.67130698508328,139.7165254488596,130.47443444148263,133.31398010253906,88924,50.62906797073312
2025-04-07,113.1477756527125,126.69440306559837,113.1477756527125,125.50070190429688,101093,46.46604431702519
2025-04-08,127.05612125566795,132.8256491845105,124.21657575250855,126.90238952636719,57686,47.879393686306436
2025-04-09,126.60397310958484,127.55350566765432,123.89103082866517,125.08473205566406,20706,36.96114074647186
2025-04-11,130.94467347581667,130.94467347581667,127.71626578573533,128.54823303222656,26761,39.6781015946974
2025-04-15,131.1255385551824,137.37435201457808,130.23026266922565,135.83702087402344,50286,47.352268312921325
2025-04-16,137.32009572118244,140.34050137407968,135.37581221024004,136.85888671875,34157,42.37495337391008
2025-04-17,137.44668893850633,137.44668893850633,131.5776861489233,132.1293182373047,66510,43.79906563226075
2025-04-21,133.6576140574734,135.19494512185418,131.98462761172166,134.39010620117188,16700,53.440955014722896
2025-04-22,134.74280019514947,137.63660254026414,132.5272334214869,135.42103576660156,18545,52.54065082981705
2025-04-23,134.7518275612084,136.6418543557788,133.8384753657845,135.2582550048828,16388,52.605566080392144
2025-04-24,136.46098782832806,142.01347567369885,133.8384825412712,140.7384033203125,41435,55.758522881190146
2025-04-25,144.6902525801013,144.6902525801013,133.8837021002725,135.6742401123047,24431,45.89637963713409
2025-04-28,133.8384859953098,136.55142827899851,131.2702372784483,135.35772705078125,20119,46.228570877605726
2025-04-29,135.35772890239184,135.35772890239184,132.0298596122714,132.50010681152344,15923,49.089816345559214
2025-04-30,132.50011029528991,133.83849134509407,129.3169206915436,130.04037475585938,8813,55.76748456315054
2025-05-02,130.04037136659522,132.93417374969818,129.31691732113495,132.0027313232422,7618,56.38877781863803
2025-05-05,132.9341607827716,132.9341607827716,129.76906171651513,132.18357849121094,11697,59.27236185231188
2025-05-06,132.84373149850617,133.83848249601215,128.41259807049815,130.49252319335938,20809,52.662889080317804
2025-05-07,136.82273349041563,137.00359356045064,131.3154636352275,135.31253051757812,52057,49.2295602488682
2025-05-08,135.63807462970755,136.5242985697073,129.36213266955664,132.53627014160156,20429,43.96160658903575
2025-05-09,131.1255397502603,131.1255397502603,127.50828348128758,128.3492889404297,22829,44.638284167822434
2025-05-12,133.82943717718723,134.76087951660156,131.12553328196555,134.76087951660156,32144,50.47051274057648
2025-05-13,134.83322708674103,141.07298836009667,132.9341621085526,138.29673767089844,56459,53.43114086863054
2025-05-14,140.16868440721638,142.70076662722337,137.01262325527594,138.27867126464844,27883,53.616294866164246
2025-05-15,140.0782342453207,142.88161318812672,137.49189563186462,141.25384521484375,24363,50.6565097469736
2025-05-16,143.7768919592993,143.7768919592993,137.36529502800775,143.0172576904297,27989,60.21126491590059
2025-05-19,144.6450441785491,146.9510479992075,140.1686919377056,140.96449279785156,28495,57.43766104693411
2025-05-20,143.7859378029781,144.23809484009442,138.36005335758273,140.33145141601562,16895,61.04027964506588
2025-05-21,140.3495380510454,142.88162015531748,136.55142179400596,140.83787536621094,30720,66.1090174984736
2025-05-22,142.58320202656827,143.78594143149792,138.36005684917723,141.87783813476562,20159,65.14984458636658
2025-05-23,138.59516497153908,145.23284052025807,138.59516497153908,144.19287109375,25791,67.29168341917207
2025-05-26,144.19286868396085,146.49887220997638,140.1777122007784,143.0172576904297,25835,68.3055612424448
2025-05-27,144.44608122897117,144.44608122897117,138.85742695039073,141.2357635498047,17035,59.50098562461482
2025-05-28,141.07300537667393,143.42422765244729,137.45574882855408,141.2448272705078,22285,65.32954860447077
2025-05-29,141.88688117564993,142.88163223602908,138.3600615956484,141.8054962158203,22355,77.1533541643317
2025-05-30,141.8054811445491,142.79118012769348,138.59516357132787,140.43997192382812,17606,64.39049060327275
2025-06-02,140.15963495769293,141.52514416064332,137.5552061639332,139.91546630859375,18092,54.84047887820071
2025-06-03,140.9644784594499,144.69024792799996,138.72176968147502,142.637451171875,24773,61.21970283146703
2025-06-04,142.8816128598026,149.76344299316406,141.9772988543608,149.76344299316406,51202,68.04755595798952
2025-06-05,154.61961764046163,157.2511749267578,152.28648565661803,157.2511749267578,23730,74.29012307102623
2025-06-06,164.13300419286807,164.856458210766,154.6377064296443,164.17822265625,90637,83.96393516259137
2025-06-09,165.4894713271895,169.9025283115105,158.4358189698897,165.9235382080078,69793,86.26342524865656
2025-06-10,162.60472106933594,162.60472106933594,162.60472106933594,162.60472106933594,18857,78.56634786369972
2025-06-11,159.34918212890625,159.34918212890625,159.34918212890625,159.34918212890625,7370,71.66889978955655
2025-06-12,156.15695190429688,156.15695190429688,156.15695190429688,156.15695190429688,7064,64.52250171141029
2025-06-13,153.0280303955078,153.0280303955078,153.0280303955078,153.0280303955078,4958,61.6013566563161
2025-06-16,149.96240234375,149.96240234375,149.96240234375,149.96240234375,11107,59.8208879564048
2025-06-17,146.96006774902344,146.96006774902344,146.96006774902344,146.96006774902344,15430,56.025907182553674
2025-06-18,144.23809814453125,146.95104042938138,144.05723808528884,144.23809814453125,11989,52.45303364479596
2025-06-19,142.1129608154297,144.6992997938373,142.06775614766434,142.1129608154297,14558,51.661585268826094
2025-06-20,144.6902618408203,144.7354803073933,140.1777293321138,144.6902618408203,6380,54.55645474822362
2025-06-23,142.88162231445312,143.51463940040256,142.07678334830223,142.88162231445312,7332,50.23713945969784
2025-06-24,145.7392578125,145.7392578125,142.89066023270195,145.7392578125,7017,45.738378460833424
2025-06-25,148.65115356445312,148.65115356445312,148.65115356445312,148.65115356445312,16626,39.91517171608005
2025-06-26,147.4031982421875,148.65115611529424,147.4031982421875,147.4031982421875,6444,27.30609710482271
2025-06-27,144.45513916015625,147.40319815572505,144.45513916015625,144.45513916015625,37659,21.872067410132544
2025-06-30,145.5945587158203,146.49887274511113,144.2380876718841,145.5945587158203,9390,26.36339349323201
2025-07-01,145.73019409179688,145.73019409179688,145.59455251267715,145.73019409179688,6352,29.278996923425524
2025-07-02,145.95628356933594,145.95628356933594,145.8206419800123,145.95628356933594,4669,32.9400986574321
2025-07-03,148.86817932128906,148.86817932128906,147.40319492839436,148.86817932128906,26934,42.99206922895796
2025-07-04,151.8433837890625,151.8433837890625,151.47261169649633,151.8433837890625,11568,53.17849621175398
2025-07-07,148.8048858642578,149.21182444390269,148.8048858642578,148.8048858642578,11110,53.11358179081815
2025-07-08,150.1161346435547,150.1161346435547,148.85010047328478,150.1161346435547,5979,60.416652019687696
2025-07-09,150.7401123046875,152.01519843620937,149.21181934121284,150.7401123046875,11836,66.14757698808415
2025-07-10,151.02044677734375,151.02044677734375,147.99098918177634,151.02044677734375,9017,62.962930558775724
2025-07-11,150.1161346435547,151.0204487076725,149.573540685589,150.1161346435547,7310,65.38461788067049
2025-07-14,152.63916619786153,153.7333922968306,148.75966489899196,149.5554656982422,20889,58.994043984323476
2025-07-15,146.0467188341099,153.73338824643145,145.68499873420143,150.80340576171875,13328,55.50413248940537
2025-07-16,151.0204581661729,153.70627220871586,147.90057720931398,152.89239501953125,28492,63.4590116339975
2025-07-17,157.34161698307753,160.5338446878159,151.02045638596357,160.25350952148438,43999,81.84471119717625
2025-07-18,160.06360133124662,164.4043119237061,153.73340240854193,158.8789520263672,39990,76.52585049102649
2025-07-21,159.15023781286865,161.42006115625986,155.08986267954378,159.52099609375,34301,76.99117211391437
2025-07-22,158.72520513795536,162.7765281983569,156.5367668035815,157.94749450683594,32074,72.2932306938153
2025-07-23,157.35064861724084,160.96790490729234,157.35064861724084,159.8013458251953,19086,71.1585845533084
2025-07-24,162.73130740266765,164.5851539292,160.0635837663099,162.0802001953125,35776,70.3597059423344
2025-07-25,157.80280241570316,158.25495944268226,153.968505859375,153.968505859375,58627,58.54533609084642
2025-07-28,154.3302393603127,156.337817658797,137.63659589605538,140.3404998779297,131111,38.50732410172658
2025-07-29,140.66605694486105,144.2380947767638,134.74279700149094,137.4467010498047,66558,35.16349334858316
2025-07-30,135.91840713683337,142.8454562072029,135.91840713683337,139.5899200439453,54881,37.75192710974904
2025-07-31,139.53565441852473,139.53565441852473,135.64710141812446,136.09925842285156,29865,35.76935136461543
2025-08-01,136.09024344158186,138.06164169474633,135.64712453389174,135.92745971679688,25870,36.054034691706136
2025-08-04,138.25154049562568,139.26436784618366,135.64711153849058,137.0397491455078,24641,35.87600655267238
2025-08-05,137.44670751799862,137.44670751799862,134.76089348841467,135.38487243652344,19263,31.87261809854867
2025-08-06,135.10451829315437,135.91840924596724,130.4473062916646,131.38778686523438,26995,17.87431655756268
2025-08-07,129.45254948102357,134.36298190018678,128.59345390161283,131.21597290039062,24572,18.366002283051643
2025-08-08,131.7404713896166,134.58003090878884,130.22123032587567,131.6952667236328,31792,18.061003987323787
2025-08-11,131.6952588046592,132.82565136104407,130.04940061916892,130.87232971191406,16298,18.377656465193994
2025-08-12,133.3863289616176,151.8343309730851,130.41114166164726,145.23284912109375,189743,36.83177274915212
2025-08-13,145.59456608911927,148.99478204390343,138.3600534884177,139.40000915527344,59414,30.737328347535694
2025-08-14,139.8883457986909,150.11613573009384,138.37814295653183,146.04672241210938,71300,43.10019536701088
2025-08-18,148.9315000631351,150.07093092835203,144.46418593958387,146.45367431640625,32312,56.917734775243936
2025-08-19,146.4988874937438,147.7468453953979,140.54849892611227,141.43472290039062,64767,54.305793568237426
2025-08-20,142.89064822999794,145.5945520207862,141.62461416670305,143.7135772705078,34350,54.43923468177555
2025-08-21,143.71358536382024,146.0919357010228,140.16867598822458,141.18150329589844,42955,55.586480673161944
2025-08-22,141.0729994437046,148.85010621458355,140.9373578483501,147.3398895263672,62745,61.08571450592626
2025-08-25,147.84630499189342,147.98194657621937,143.07152804130246,143.94869995117188,43191,56.42663360133624
2025-08-26,145.59455824118268,153.28122746509607,143.35186331949902,145.0067596435547,161998,59.05066870286857
2025-08-28,145.60359356472526,148.8591295153495,139.81598942887845,140.38571166992188,41315,58.36555065084372
2025-08-29,143.57795851338358,143.57795851338358,138.83030932329024,139.508544921875,24918,57.60996076990462
2025-09-01,139.77078094041318,143.7859376330589,139.77078094041318,142.75502014160156,24728,59.658807732675065
2025-09-02,142.8816176115907,144.05722861750945,139.2643614695251,139.5989532470703,56853,57.32279943928039
2025-09-03,139.7346105541459,142.8906577503281,139.7346105541459,140.186767578125,29815,44.492691450165765
2025-09-04,140.81977606996958,141.79643683809226,138.81219790195124,139.21009826660156,19972,49.768154926009274
2025-09-05,140.11441945568063,141.72409734172118,138.5861265214794,140.7474365234375,27324,42.60847615772035
2025-09-08,141.07301004792419,141.47091048919094,138.36006754700256,139.09255981445312,40677,40.07801547969278
2025-09-09,139.31862623520186,147.56596630487226,139.31862623520186,142.43850708007812,61050,51.41689504758738
2025-09-10,143.76784859376815,143.76784859376815,138.7308263428456,139.68035888671875,39364,44.38290140575691
2025-09-11,140.76553897331286,144.69025893523389,139.2643742251626,140.9102325439453,34232,49.60797959324079
2025-09-12,142.69170251766118,142.69170251766118,140.16867248438643,140.69317626953125,23346,38.40328031380434
2025-09-15,142.76405526478166,144.50938856404434,141.07299239968904,141.8597412109375,28172,46.048593793294536
2025-09-16,143.23430386847673,151.02044850186994,142.47468336734994,147.16807556152344,149699,53.52196516326797
2025-09-17,149.0219060869833,150.52307072025917,146.54409442352085,149.87196350097656,87916,66.48852682149538
2025-09-18,150.658743973148,151.63539111915296,148.03622464038966,149.6187744140625,95682,67.9627290127038
2025-09-19,150.87575111351856,156.44632891130593,150.87575111351856,153.29026794433594,125628,68.4393734803844
2025-09-22,150.4469418497306,155.7724152715128,148.7798342999457,152.53082275390625,108659,74.70682792272723
2025-09-23,158.81950261644067,159.30111459432928,152.08626219221708,154.85549926757812,131142,76.28098369224679
2025-09-24,158.37494876610972,160.44030232808424,156.059525538535,158.6064910888672,119088,81.60893073478539
2025-09-25,160.04205036714924,162.55196113849482,159.29185553045758,160.13465881347656,73001,81.6034321594816
2025-09-26,160.51439762453626,163.55223176962102,158.69911372751386,159.78273010253906,117223,85.22366014070231
2025-09-29,163.74673717891253,186.16003170161815,161.25533946861592,180.70489501953125,2215528,90.75581606995665
2025-09-30,187.45665766666735,210.84243211735307,186.39156864160404,198.92263793945312,9415646,97.46557784619718
2025-10-01,200.05256028990712,220.4282840231384,199.92289715871178,214.4730224609375,4449434,97.93861445091866
2025-10-03,220.4282928768063,254.51131173013155,218.62226557253734,250.8900146484375,9177818,98.79163043143393
2025-10-06,242.0,242.0,225.8000030517578,225.8000030517578,1898751,80.66884293503875
2025-10-07,210.0,213.5399932861328,203.22000122070312,203.22000122070312,1105734,68.18438016652478
2025-10-08,193.0500030517578,193.0500030517578,193.0500030517578,193.0500030517578,30255,63.360601138191946
2025-10-09,183.38999938964844,192.89999389648438,183.38999938964844,183.69000244140625,370583,59.980206679383066
2025-10-10,174.5,182.89999389648438,174.5,174.5,228124,56.01822542489723
2025-10-13,165.77000427246094,174.6999969482422,165.77000427246094,169.97999572753906,389616,54.84771781259658
2025-10-14,165.8000030517578,168.0,161.47999572753906,161.47999572753906,101254,51.77935903679362
2025-10-15,159.85000610351562,167.85000610351562,155.0,163.50999450683594,235796,51.32938583231692
2025-10-16,163.5,165.0,158.5,160.41000366210938,77079,50.07401774210816
2025-10-17,161.5,161.5,153.64999389648438,156.05999755859375,97752,49.02031961513896
2025-10-20,157.88999938964844,157.88999938964844,152.94000244140625,153.7899932861328,60472,42.1459978493714
2025-10-21,153.7899932861328,157.5,153.7899932861328,156.67999267578125,23781,36.46220017377431
2025-10-23,158.72999572753906,164.50999450683594,155.5500030517578,164.50999450683594,81681,33.154405078902286
2025-10-24,166.99000549316406,169.89999389648438,163.0,166.9600067138672,111764,13.294855161661303
2025-10-27,167.94000244140625,169.6999969482422,161.0,161.66000366210938,45379,16.077859509100946
2025-10-28,160.10000610351562,164.1999969482422,160.10000610351562,161.35000610351562,36556,21.03225141714354
2025-10-29,161.35000610351562,164.0,157.0,159.4499969482422,48798,23.750007748600126
2025-10-30,161.99000549316406,161.99000549316406,158.0,159.3300018310547,25368,27.757496824105743
2025-10-31,160.5,167.2899932861328,156.99000549316406,167.2899932861328,98704,43.26545411632308
2025-11-03,175.64999389648438,175.64999389648438,175.64999389648438,175.64999389648438,37314,54.94160462215952
2025-11-04,184.42999267578125,184.42999267578125,175.0,184.42999267578125,406601,69.90459089644644
2025-11-06,175.1999969482422,175.1999969482422,175.1999969482422,175.1999969482422,34875,59.013108204451285
2025-11-07,166.44000244140625,166.44000244140625,166.44000244140625,166.44000244140625,19228,54.27598776353923
2025-11-10,158.11000061035156,162.0,158.11000061035156,158.11000061035156,131161,51.376025574293955
2025-11-11,150.1999969482422,157.0,150.1999969482422,151.52000427246094,173298,48.55983435858871
2025-11-12,150.0,155.0,148.27999877929688,153.41000366210938,71703,47.8987346637497
2025-11-13,154.8800048828125,155.0,152.5,154.22999572753906,42556,42.74011260471023
2025-11-14,153.4600067138672,153.99000549316406,150.10000610351562,151.6699981689453,52666,39.21871785668482
2025-11-17,153.60000610351562,154.1999969482422,150.3000030517578,152.17999267578125,38315,42.83120382494568
2025-11-18,153.69000244140625,153.69000244140625,150.0,150.89999389648438,25772,42.211941026308175
2025-11-19,150.89999389648438,152.8800048828125,150.10000610351562,150.52000427246094,16298,43.1904834598966
2025-11-20,152.1999969482422,152.1999969482422,150.0,150.9199981689453,16515,43.61426675954028
2025-11-21,150.9199981689453,150.9199981689453,145.0,145.99000549316406,35494,33.046795602977724
2025-11-24,146.00999450683594,148.0,139.10000610351562,142.02000427246094,45824,21.221957738626074
2025-11-25,140.1999969482422,145.0,140.1999969482422,144.17999267578125,14535,11.156099871120361
2025-11-26,146.0,146.89999389648438,142.5500030517578,144.4499969482422,20206,14.118973838888351
2025-11-27,145.0,146.85000610351562,142.5500030517578,146.2100067138672,17570,21.785190913838605
2025-11-28,145.5500030517578,147.85000610351562,145.0,147.3300018310547,15402,31.180139247331297
2025-12-01,146.0,148.7899932861328,145.14999389648438,145.77999877929688,19498,37.838950969419656
2025-12-02,145.5,148.0,143.0,147.0800018310547,19228,36.245085316061676
2025-12-03,147.0800018310547,148.69000244140625,143.3000030517578,143.7100067138672,28749,29.420965221139298
2025-12-04,142.5500030517578,146.10000610351562,138.1999969482422,142.97999572753906,24412,31.689823864688563
2025-12-05,144.8000030517578,150.1199951171875,143.0,150.1199951171875,31010,46.60738051296897
2025-12-08,152.39999389648438,152.39999389648438,143.5500030517578,146.19000244140625,37670,42.865806700928474
2025-12-09,145.0,148.99000549316406,143.0,147.77000427246094,17993,45.980706391565334
2025-12-10,147.00999450683594,149.19000244140625,144.02000427246094,144.72000122070312,19154,41.58980351929102
2025-12-11,144.64999389648438,147.0,144.1999969482422,146.5,14950,50.75644379303274
2025-12-12,145.5,149.89999389648438,145.5,148.5500030517578,13141,60.270520641838544
2025-12-15,151.5,151.5,145.6999969482422,146.52999877929688,14310,53.71248703124457
2025-12-16,145.60000610351562,147.9499969482422,145.60000610351562,146.41000366210938,9292,53.11112026099783
2025-12-17,148.49000549316406,148.49000549316406,144.0,145.11000061035156,14972,48.22808343959753
2025-12-18,145.10000610351562,146.60000610351562,143.10000610351562,144.94000244140625,21039,46.02858346868806
2025-12-19,144.94000244140625,146.49000549316406,143.7100067138672,145.17999267578125,10464,48.95759880304921
2025-12-22,146.25,147.97999572753906,141.3000030517578,146.83999633789062,25128,49.58818548697479
2025-12-23,144.8300018310547,147.83999633789062,144.8000030517578,146.7899932861328,16705,55.964341011973005
2025-12-24,145.14999389648438,150.0,145.14999389648438,147.8000030517578,19406,59.23372834684798
2025-12-26,147.5,148.0,146.0,146.72999572753906,12950,41.53770091423165
2025-12-29,146.0,147.39999389648438,142.14999389648438,143.74000549316406,28071,43.58303965444339
2025-12-30,142.3000030517578,144.3000030517578,142.3000030517578,143.6300048828125,17171,38.25199502920558
2025-12-31,144.0,145.5,143.0,144.2100067138672,11902,48.31685082956396
2026-01-01,144.92999267578125,145.0,143.2100067138672,144.1300048828125,11950,41.189617225966
2026-01-02,144.0,149.0,144.0,148.19000244140625,28618,48.835703576931
2026-01-05,149.94000244140625,150.14999389648438,145.10000610351562,145.7899932861328,23900,47.664125784733706
2026-01-06,145.8000030517578,147.49000549316406,144.0,145.57000732421875,13413,47.36513108771983
2026-01-07,145.10000610351562,146.49000549316406,143.5,144.5800018310547,8718,48.304546981045135
2026-01-08,146.0,146.14999389648438,142.5,142.67999267578125,21144,43.49076123357001
2026-01-09,142.5500030517578,143.4499969482422,139.1999969482422,139.75999450683594,18867,36.47706653935795
2026-01-12,140.0,142.89999389648438,135.86000061035156,137.75999450683594,23502,27.723275620028076
2026-01-13,135.5500030517578,139.5,133.0,134.50999450683594,31904,23.961005345102052
2026-01-14,134.0,140.5,133.92999267578125,138.6300048828125,26122,32.82129620154166
2026-01-15,138.6300048828125,138.6300048828125,138.6300048828125,138.6300048828125,0,34.19206174029932
2026-01-16,140.0,140.0,134.0,134.69000244140625,38199,32.96952322211138
2026-01-19,133.0,135.5,131.0,132.6999969482422,30223,30.790865759793107
2026-01-20,131.3000030517578,134.0800018310547,128.2899932861328,129.1999969482422,41204,26.075872649287447
2026-01-21,128.1999969482422,131.7899932861328,127.0,128.8699951171875,33493,25.86970684039089
2026-01-22,128.8699951171875,135.97999572753906,128.8699951171875,129.58999633789062,23431,17.114591876375883
2026-01-23,131.2899932861328,131.8699951171875,126.0,126.5999984741211,30037,16.76483747179941
2026-01-27,129.89999389648438,129.89999389648438,125.01000213623047,126.55000305175781,20869,16.864135765876156
2026-01-28,126.05000305175781,132.75,124.5,130.1999969482422,19382,27.072707898462937
2026-01-29,129.5,132.63999938964844,125.70999908447266,129.11000061035156,36963,27.79052256976962
2026-01-30,128.47000122070312,130.1699981689453,125.55999755859375,128.3800048828125,22965,29.936549049527045
2026-02-02,131.89999389648438,133.9199981689453,127.69999694824219,129.3699951171875,22585,34.661787571921366
2026-02-03,132.0,137.0,131.0,132.85000610351562,63519,46.9905941024065
2026-02-04,132.0,135.99000549316406,129.99000549316406,134.6300048828125,23563,42.07606666473211
2026-02-05,136.89999389648438,136.97000122070312,133.0,133.9499969482422,29745,40.972206278591834
2026-02-06,131.0,134.39999389648438,131.0,132.36000061035156,19666,45.057270650353495
2026-02-09,134.36000061035156,139.6999969482422,134.0,137.00999450683594,37439,58.21578491781307
2026-02-10,137.1999969482422,139.77999877929688,136.2100067138672,137.64999389648438,50606,68.07874247098574
2026-02-11,141.0,141.7100067138672,134.91000366210938,138.91000366210938,38507,70.65846417385232
2026-02-12,134.0,134.99000549316406,127.12999725341797,130.72000122070312,89798,51.778415602105206
2026-02-13,127.0999984741211,132.99000549316406,127.0999984741211,129.30999755859375,40189,54.488240394454174
2026-02-16,131.8000030517578,131.8000030517578,127.0,128.2899932861328,23348,52.792025080040084
2026-02-17,128.2899932861328,131.4499969482422,127.69999694824219,128.38999938964844,29955,46.72220840586918
2026-02-18,130.4499969482422,130.4499969482422,127.5,128.50999450683594,31558,48.87386303755127
2026-02-19,129.85000610351562,131.2899932861328,125.0199966430664,125.93000030517578,34650,45.70023964696459
2026-02-20,125.26000213623047,128.8300018310547,120.66999816894531,122.11000061035156,59539,38.40997881212459
2026-02-23,122.19999694824219,123.87000274658203,118.0,118.38999938964844,59968,27.09125342005119
2026-02-24,120.79000091552734,120.79000091552734,114.5199966430664,115.26000213623047,54587,20.571260861914965
2026-02-25,118.77999877929688,119.01000213623047,113.5999984741211,114.30999755859375,47759,20.403865742923045
2026-02-26,116.0,119.58999633789062,113.7699966430664,116.18000030517578,32570,25.821886776276656
2026-02-27,118.0,118.0,113.0,113.5199966430664,35590,12.678773644256168
2026-03-02,108.05000305175781,111.97000122070312,105.0999984741211,107.61000061035156,56316,9.11815960999985
2026-03-04,105.0,106.47000122070312,100.76000213623047,103.66999816894531,82003,5.301885477833736
