Date,Open,High,Low,Close,Volume,RSI
2021-03-04,360.1444991991684,385.1349008382634,357.27862785275596,374.68402099609375,47960940,
2021-03-05,376.37486206468463,381.81046686966465,362.24613778752774,370.8150939941406,17979140,0.0
2021-03-08,374.4738264200963,387.27471159464335,368.092493721734,385.0679931640625,20916905,78.65045738073746
2021-03-09,391.66912572566207,396.06346808882466,384.9820918718093,387.21746826171875,23912320,80.9142642077531
2021-03-10,390.71375351685407,391.2487137811045,383.4535410194076,385.6507263183594,8479065,75.10917579783927
2021-03-12,387.8479369750244,394.2865855159952,375.42916066794237,379.6993103027344,12514795,59.02372598437302
2021-03-15,383.3485511693453,383.3485511693453,365.87627892914105,371.99969482421875,10548415,46.21809501369844
2021-03-16,368.47472144957334,370.5954679206598,361.0998762499818,363.78424072265625,11025335,37.530147823840345
2021-03-17,363.9657092166603,366.7265129729991,344.0956769101885,348.489990234375,11818755,27.801209555613482
2021-03-18,351.1648215742574,355.36809427809857,332.44112045370514,337.5328063964844,18337275,23.446713521733685
2021-03-19,334.35164681353274,358.2339073002136,325.3719227011707,354.49871826171875,24535040,38.38882460003595
2021-03-22,354.7948754578871,358.99814770391123,344.69744817244026,351.17431640625,11250950,36.97469557248604
2021-03-23,353.17087909007506,355.5591051343597,349.8273626280765,351.9576416015625,6601325,37.51703902767077
2021-03-24,349.57899294582785,350.935489072026,334.4280711044072,336.3673095703125,10445515,32.03116905122961
2021-03-25,337.9818025488326,337.9818025488326,325.75409453262387,328.9734191894531,10838460,29.95392136787825
2021-03-26,334.35162941315315,338.1727908921606,328.29509196730413,333.8548889160156,8880665,33.934029222240156
2021-03-30,332.51752222501415,338.93707589502486,332.51752222501415,335.354736328125,7365165,25.695880872212868
2021-03-31,336.0138821963705,339.11857642351976,331.4858144063988,335.6890869140625,5430005,24.353320084306105
2021-04-01,336.2622280018003,339.9783217309004,334.351647160881,334.6860046386719,4724735,24.49073485707582
2021-04-05,329.7663038476483,332.0494330632271,320.48087869527745,325.3050842285156,8114150,23.677844784657452
2021-04-06,325.30507121315617,328.4288606377942,321.5507865632132,322.61114501953125,5058525,24.883353364190796
2021-04-07,321.780077404456,328.887441694662,319.6402358213936,326.518310546875,7335430,30.179820173334264
2021-04-08,324.56948915225587,332.2882230783775,320.9775877696351,329.8426818847656,9702175,38.635260367824486
2021-04-09,330.5305083224711,335.058575899383,327.66463686302774,330.70245361328125,6254115,45.25292682130175
2021-04-12,321.01579312004964,324.35930950902144,300.62033731669175,302.2538757324219,14036295,18.687705423265655
2021-04-13,302.2634889471653,310.08732094923073,302.2634889471653,307.9187927246094,6131320,24.782813990568542
2021-04-15,304.1836273073059,311.9787724777179,303.59132268242934,307.24053955078125,5790815,23.89876363408358
2021-04-16,307.7946454090599,312.9723041761327,306.83935480152485,310.9375305175781,4840415,32.76357295482612
2021-04-19,296.14003455959045,309.5141006364752,296.14003455959045,308.119384765625,5966190,34.93027098144603
2021-04-20,308.7498735548253,315.0452338865172,308.7498735548253,313.3448181152344,5716145,35.25214303143932
2021-04-22,308.367712065313,321.1686260257992,308.367712065313,319.6496887207031,4942510,39.43712620571684
2021-04-23,319.0669970479768,328.218666351488,317.3474859706548,327.0914306640625,8147370,44.72200844244844
2021-04-26,328.98292357548405,332.2977825400336,328.2377982047886,330.6929016113281,3958795,47.62446996010948
2021-04-27,330.5304920491263,344.401298734782,327.59774340326373,342.6053771972656,11298835,59.99114555134452
2021-04-28,343.9045726065046,347.3436241632,339.128120209192,343.1116943359375,7690145,62.146241937606945
2021-04-29,344.0956750855228,347.34365719393264,337.274886420023,342.4812316894531,6060475,59.83983066566288
2021-04-30,341.01957823035013,345.652713357928,335.8323291906515,342.2614440917969,3783275,57.95980449150029
2021-05-03,336.4533126520037,340.4559820232996,334.92484208092714,337.3226013183594,3866580,54.032333916633114
2021-05-04,341.0386805380106,341.81246344731545,336.4532981752302,338.2110290527344,2930215,82.97119172051592
2021-05-05,339.1281452301336,340.6470537061661,327.66465863080515,329.31732177734375,6078590,68.5246428286481
2021-05-06,331.5812684856638,333.2052445014498,327.8651752304766,329.6133728027344,2386180,69.49711577586825
2021-05-07,324.7987712232244,326.68069468143796,321.2641846986518,323.53778076171875,4155495,60.543555480422086
2021-05-10,324.7987334677551,335.7845729821056,323.0696601894875,334.0937194824219,5144555,69.24277960831978
2021-05-11,329.5752091964451,343.9809765275582,329.20263192297125,342.43341064453125,6486335,70.59941727102861
2021-05-12,343.7134504064196,349.44519240866,331.0654157171498,333.7020263671875,8139435,59.620685894374226
2021-05-14,336.2621866225039,338.93698780937893,330.5304448050749,333.9026184082031,5857255,55.176402974073575
2021-05-17,336.86411603902616,340.2745103471494,333.0142962346186,336.66351318359375,3874060,54.59630209647477
2021-05-18,340.0833787342685,352.0722614637815,338.220550813088,350.60113525390625,9526800,55.969183198938154
2021-05-19,352.3111093115968,360.13494049625587,351.5468886063218,355.0050354003906,10493850,58.39061335372635
2021-05-20,355.7501345668379,357.35501542149933,348.2606614252691,354.53692626953125,4799150,58.524679947674684
2021-05-21,355.368072728864,361.99779125664935,353.46705392687716,355.75018310546875,6000765,59.40584704525925
2021-05-24,357.2786441158845,363.5453474130447,356.7819035550293,360.0489807128906,6355885,65.99008684957296
2021-05-25,363.2969943866713,365.6852208266393,361.09983772316264,364.5293273925781,4947580,67.62640598710556
2021-05-26,366.8315562764575,368.751699532851,360.7177028358137,361.87359619140625,4613785,73.79221719973701
2021-05-27,363.01046042238124,370.87251325771865,358.42507679409863,368.4269714355469,11421490,75.9882678819988
2021-05-28,368.36001517782057,368.42689250822406,360.88007438839236,362.2939147949219,3356385,75.92983782940583
2021-05-31,364.8923192119685,366.64048802718116,362.4658731407776,363.6217956542969,2485790,72.5389199685435
2021-06-01,365.2648405224842,367.3378336153264,360.7176778288525,361.9786682128906,2098710,66.61783486756515
2021-06-02,363.0008287313178,368.2644887293242,362.10285332667763,366.43988037109375,2883775,80.01385486414287
2021-06-03,368.3600256103666,372.2958178376996,366.0673342224511,367.1754455566406,2749735,80.20799854596072
2021-06-04,370.0795281049501,370.0795281049501,365.59921339748405,367.1563415527344,1798105,79.13452706899116
2021-06-07,370.46157421994684,403.8680778571036,368.11156819699056,400.2284240722656,30720335,84.72112915671521
2021-06-08,407.13527856588365,417.27089722644155,405.42530033223824,409.7909851074219,32451425,85.74976641115937
2021-06-09,412.6854491028904,413.25862916838537,393.5796412740529,395.719482421875,11678705,72.82148483821499
2021-06-10,399.98016712871987,405.2342651823884,391.98436069294206,402.43524169921875,8977510,74.3836877614856
2021-06-11,404.08784682544314,407.3358284161051,397.59188364411915,400.0278625488281,4220295,71.30191947331073
2021-06-14,399.3018696174399,399.69354222361517,386.89265526283344,394.42034912109375,5011980,65.73777387726429
2021-06-15,395.68129169908025,408.83562989086295,393.96175150301866,400.8302917480469,9562490,69.73089089818134
2021-06-16,403.0275054753999,405.4157316213259,396.50285531896543,399.3018493652344,4284715,66.47624488551568
2021-06-17,395.49026548909654,399.1108246331475,389.07071218749525,391.7455139160156,3771420,65.48154541137819
2021-06-18,395.53803709708177,395.53803709708177,378.03713653097446,384.3515930175781,6521685,60.24356890975181
2021-06-21,382.11620087630126,400.02789779237787,378.51476617817707,396.79901123046875,8466300,65.54635909121504
2021-06-22,401.2220114218957,406.6385214034784,396.4455589049684,397.9740295410156,6428745,64.50478878933397
2021-06-23,401.60409689492406,403.4000475944521,395.8723542299542,397.06646728515625,4048120,63.72727779816184
2021-06-24,400.8398162284237,400.8398162284237,394.72596413115525,396.0538024902344,2707570,63.15097837372693
2021-06-25,398.23191395430206,399.02482133112187,392.26134881081003,395.2705078125,2379110,46.804614575478176
2021-06-28,398.16506036551334,403.6006655284573,395.1845587326963,396.970947265625,3538660,40.805684237158964
2021-06-29,399.6935108715453,406.3614485812616,394.5445106033041,397.7542724609375,8367385,51.80296430738546
2021-06-30,393.68477465103877,401.93849899831486,386.21442470484084,388.5835266113281,12814570,38.23813391061258
2021-07-01,391.2487757850181,393.3599596321929,387.9052590270084,388.7650146484375,3754990,40.06069246940465
2021-07-02,391.2869637587136,395.2896329701616,389.18531316326954,393.6847229003906,2610295,49.34284242121879
2021-07-05,398.1650564525667,419.37251655942947,395.1368019867749,415.28387451171875,15752915,60.15576250506593
2021-07-06,420.32777165045167,424.53104353632637,412.68544852953437,414.3858642578125,19202485,60.69347154186951
2021-07-07,414.3858742189084,420.1367120105048,412.75233577542673,418.1210632324219,5026855,69.76942072916886
2021-07-08,419.3724269876435,429.4985096430312,417.4618464546702,419.1622619628906,13226030,78.83815706975709
2021-07-09,419.16231377845304,424.91315139847137,414.29988921933534,422.0950622558594,7415555,74.87780208830424
2021-07-12,425.8589357806304,434.06487720752307,423.62355963696734,432.3453369140625,10442855,78.68297778816833
2021-07-13,434.27505110819806,436.3671395582634,431.05572690647836,434.5520935058594,8587235,80.61797850834665
2021-07-14,435.9754749289525,435.9754749289525,429.03049446537295,433.0140686035156,3411760,79.93198590289208
2021-07-15,433.0140601546569,438.879557594405,430.0717783542902,433.3770751953125,4459290,81.07182564605856
2021-07-16,434.4661442977586,469.5062249426719,433.46310084961647,463.63116455078125,34640095,87.08546464089449
2021-07-19,459.4756146472118,469.2386842869422,455.7595207748028,463.2203369140625,11797880,86.57269660369792
2021-07-20,465.41754104307444,473.8145235077845,452.8076948419121,454.84246826171875,12440815,87.34648480784864
2021-07-22,459.3037008537708,461.79702443617396,447.45810344982107,451.881103515625,6746515,84.49408383501985
2021-07-23,452.78861973168466,455.1863791581072,442.4905888973678,444.2769775390625,5243460,76.86142331564291
2021-07-26,446.02512327014847,451.85240108089187,439.82529732851236,441.9747009277344,6531495,67.82339412055524
2021-07-27,444.77375933155423,448.413414286576,435.80359550759823,438.5834655761719,4632295,65.63777867798136
2021-07-28,440.38892495180284,442.2995059711165,432.3358329521524,436.3098449707031,3579030,61.980890398402146
2021-07-29,437.10275754623734,447.74470865192586,436.75886692930453,443.4649963378906,4462290,64.81486993605633
2021-07-30,444.0190122056236,451.27922582753706,439.43362947239007,445.41375732421875,4357415,64.38761588034795
2021-08-02,471.72240341896486,480.1289767081535,462.80955652035163,471.70330810546875,36666555,70.27159315537716
2021-08-03,474.06288748271686,477.1675814561553,467.1370316958157,471.5027160644531,8598145,69.43327544643
2021-08-04,473.82406800048585,484.33226305694825,471.08238904571306,475.9543762207031,11512810,71.91186840184082
2021-08-05,477.8363168807369,481.8485194646588,471.01552875834125,472.4675598144531,7075850,69.33106557142017
2021-08-06,474.7793215064834,478.52407264434265,472.6585756849362,475.27606201171875,3553315,57.904239346946355
2021-08-09,477.7216397129062,512.0356858134636,477.1389265266684,505.9600524902344,27172245,70.56068852787294
2021-08-10,509.16984773929323,520.6333339923355,500.57223304951157,504.31695556640625,22718380,75.44964418409117
2021-08-11,507.6317794156402,510.47852614831305,482.9948318481089,491.44915771484375,14865920,68.47124302787029
2021-08-12,495.5951796663703,521.3689591973038,491.4492511951956,513.9081420898438,30341990,78.54624551977604
2021-08-13,518.5889209560022,518.5889209560022,504.01118044891996,508.3482360839844,11688585,76.5028399799376
2021-08-16,510.85122795132526,510.85122795132526,499.04384972744975,502.40643310546875,4956310,74.97567937135385
2021-08-17,502.48270108467955,514.9014750658598,499.61683016594566,510.048583984375,8253620,77.69243799297269
2021-08-18,512.5611026834993,525.4097714837724,510.74608572942896,519.4965209960938,13629770,78.07009340845428
2021-08-20,515.8568874031356,518.3406194644057,498.852727590738,505.5970764160156,8280035,70.41742685096204
2021-08-23,509.16984290753976,512.9814427214973,484.4373575577859,487.98150634765625,8559910,55.86778292314164
2021-08-24,491.01929896433234,498.9577603954919,485.2875561748654,490.02581787109375,6996380,56.58941372982975
2021-08-25,492.3375046329613,506.972558584423,491.1625162574046,503.72454833984375,12582655,59.269142110350884
2021-08-26,505.9123395120503,508.9597186474989,499.61694923876007,500.8970642089844,7009955,59.53116527283554
2021-08-27,501.52744444802903,507.6030772101167,497.70628296652023,506.0555114746094,4466105,60.158927867433064
2021-08-30,509.7429511863789,518.3405650742726,508.02344007006025,515.4269409179688,6642175,53.63615754998719
2021-08-31,517.9584770174895,527.22480574617,516.047896178846,525.7918701171875,10251115,57.730410595328074
2021-09-01,526.3650566868528,528.3520772193486,519.2958837826928,524.6932983398438,4574825,63.07489150906936
2021-09-02,524.6455685468172,546.0440413456926,524.0723592474264,540.6848754882812,12314090,61.095733740833644
2021-09-03,543.3692291199822,553.5526585836229,540.025712343023,548.317626953125,8757735,66.28278239637375
2021-09-06,551.3171841678316,580.8165560196492,550.0848805573335,574.7791137695312,25302570,75.26012031083637
2021-09-07,582.727278382443,631.4471000176965,581.8388651023224,627.9889526367188,57776555,81.23048433122106
2021-09-08,636.2233560002533,653.9249136970112,623.9096497261972,629.8038330078125,44363970,80.43977177182033
2021-09-09,620.9387633073312,641.5730127347167,607.9945899796459,629.536376953125,28326075,86.98411790643624
2021-09-13,633.3576276311112,659.2842268643058,632.4023370916977,656.4279174804688,23892315,97.62855256331977
2021-09-14,666.2196302939618,718.1492088369661,664.1179794939894,714.2611694335938,59109125,98.19728779138795
2021-09-15,724.8744004242056,752.7497694747001,697.7919387933493,703.523681640625,42781400,93.4986823529912
2021-09-16,715.4744828994826,725.7820476868224,703.5237879284034,720.2318115234375,18011055,95.03020972568088
2021-09-17,729.8419356268201,767.9962401958985,724.2439473392164,738.1338500976562,61620795,95.27732869379334
2021-09-20,735.3443312464454,735.3443312464454,703.1319093569982,708.4242553710938,23477555,84.88447111777944
2021-09-21,713.3507666884213,736.5287522011388,679.1721636703103,693.4347534179688,26517155,79.80337975363983
2021-09-22,702.8953776941329,717.4354137566088,696.4862763208985,702.3788452148438,14540470,80.73148795209976
2021-09-23,716.2873686821163,719.1571097893243,704.0431516350352,706.7311401367188,7153935,79.92316884200227
2021-09-24,711.6958593702307,714.7569285068952,696.3905720719462,705.8128662109375,7698190,79.08608184044283
2021-09-27,714.5847315335561,739.4366724228486,708.0608459944619,733.6780395507812,18612320,79.19395353009779
2021-09-28,745.1762116992787,760.48149974445,723.5575156894904,739.551513671875,32886570,74.81294327468662
2021-09-29,738.2696462724033,738.2696462724033,718.4970874438942,721.2903442382812,12895755,68.96066154324502
2021-09-30,730.8274565806414,742.3064218672483,722.63913034493,726.7141723632812,14624460,69.71873181743985
2021-10-01,722.600937497743,731.0188342725019,714.2117077779394,725.7767333984375,7999080,65.72851152024103
2021-10-04,729.411686155275,777.6711193611733,728.608132950941,766.967041015625,26394340,62.92997060135018
2021-10-05,781.5262841908084,805.1346843985925,766.220995883522,797.0419921875,36846475,70.95411113609222
2021-10-06,803.3362413686141,862.8355563790789,799.7012473757317,853.91064453125,58581180,75.38422988518536
2021-10-07,879.6713001476057,912.3767859002758,865.7148250029801,897.444580078125,43227600,77.56787705715017
2021-10-08,922.9087332701848,949.7312843268204,903.2222928230668,932.96240234375,61367310,88.08947405149384
2021-10-11,938.3863319553186,942.9014223320681,908.7514863775052,913.065673828125,30074685,86.64691352593155
2021-10-12,911.6212147924966,933.0486413063783,903.9685708068304,921.6174926757812,16397000,86.62941051221536
2021-10-13,928.0742308373983,948.9276699722835,924.2957269261279,942.9586181640625,16210660,87.34766285626391
2021-10-14,957.3456169788136,1070.2221583588364,954.6672036355999,1045.264892578125,71177100,90.6390469902193
2021-10-18,1070.2220576604343,1141.582922773576,1066.5965810541982,1124.4984130859375,39694580,91.66430361633242
2021-10-19,1181.3770396988953,1223.7153063498738,955.8249212919229,1043.6007080078125,74305750,77.94388585191362
2021-10-20,939.2472044862529,956.5421951411712,837.4479306923348,848.3624877929688,98333925,58.81206453938377
2021-10-21,849.5773830178814,908.7514362096051,844.488367968903,874.9363403320312,46361195,59.985831756799655
2021-10-22,885.4108040136294,895.3592636302011,851.3661399222843,884.3681640625,28022520,60.563512093902155
2021-10-25,896.3158532084979,896.3158532084979,757.8221120273028,769.5402221679688,38866505,50.156083872340204
2021-10-26,778.2737874438548,841.7907491422371,775.0214491259165,801.5187377929688,41011205,50.27092452092417
2021-10-27,813.189024839543,829.3170157508652,771.7212852960274,790.1641845703125,26793965,45.91726785755051
2021-10-28,781.5260653190425,940.3183870362531,774.830003559883,873.8360595703125,59298778,48.56189728638708
2021-10-29,786.4525851633848,867.0922997656825,611.6853375287401,808.9800415039062,82848030,42.7082922769662
2021-11-01,836.2426462438464,846.5737034907943,774.1127339547178,818.3067626953125,29989312,44.35683399096907
2021-11-02,830.6944570874435,831.0770542230431,807.5930166737078,811.3715209960938,9742650,43.42186916851745
2021-11-03,803.527497870451,812.041086380472,779.7086236867073,784.2523803710938,10088006,40.59520155601594
2021-11-04,792.287761536294,792.287761536294,784.3959727857061,786.5482788085938,2229843,32.607076651151175
2021-11-08,783.4393726712872,803.5275617141408,745.9892254588102,796.68798828125,11974709,25.705048754141245
2021-11-09,798.744695788232,820.7460466901832,797.7881153142341,818.8328857421875,9656004,31.75273075095825
2021-11-10,818.8328219120706,828.3986259063704,810.2235983172006,812.9498291015625,6275409,45.84883934406337
2021-11-11,812.1367574347024,818.8328202168495,798.7446318704082,810.5105590820312,4924717,41.994901257364255
2021-11-12,815.9630687363784,837.9644176003136,810.2235864240475,827.2985229492188,9255302,43.03622495557845
2021-11-15,839.8298204790145,882.9237582143089,831.2684137467329,864.1748046875,21402501,64.26039403932153
2021-11-16,876.0363026013368,888.663175327125,871.7795082222789,881.058349609375,9298944,62.557002300037865
2021-11-17,884.8369967487092,888.3763564127125,861.018118022754,864.3661499023438,7189458,61.52019038388537
2021-11-18,864.2704288736405,866.5662452871978,833.2771992158007,851.9783935546875,7714073,45.64184980788974
2021-11-22,872.4013988493798,879.7670802315852,834.4729594160024,848.2477416992188,11376478,60.35309452544173
2021-11-23,838.9210743910414,858.6266087707265,834.7120969579831,854.0350341796875,6078636,59.599063333234945
2021-11-24,859.0091648235742,862.5485238389406,816.0586832283827,825.3375244140625,7679846,53.3593899337662
2021-11-25,825.5288104910377,836.5294840954954,799.3663622727088,827.9680786132812,9169669,61.919650970130235
2021-11-26,812.1368122643698,817.8284776904623,784.395978865469,787.3135375976562,10211011,50.17256139018033
2021-11-29,751.8723065522635,766.2210146925738,717.961514636988,742.1151733398438,13888743,39.374198864785605
2021-11-30,755.9854282665974,784.3002412583022,753.4026496810152,760.6248779296875,37176726,38.50365209877543
2021-12-01,773.873510832791,781.5261537087642,761.7727459311457,776.6954345703125,6448797,43.11659030691614
2021-12-02,779.8521922490369,789.1788514019692,768.13408203125,785.5916748046875,4869021,45.38202515351926
2021-12-03,783.4393472551153,795.3487849068794,774.8301236589052,784.30029296875,4777395,41.54598554826657
2021-12-06,779.6129850272708,783.917596601041,763.5424468288683,766.603515625,4473930,29.251370991313806
2021-12-07,774.7823568990646,793.7704557163659,771.9604328590652,787.3135375976562,4528051,30.384302486708222
2021-12-08,794.4400029234363,819.5024204723201,793.0529497000854,814.4325561523438,7190775,39.98846751029407
2021-12-09,818.8328650302772,825.5289281788893,805.0102658536348,819.6459350585938,5118754,43.3254214710923
2021-12-10,814.0498750307062,832.1770842774325,813.093294684019,820.6981201171875,4358630,44.24917420897208
2021-12-13,825.0505821653528,840.0689058887316,819.0719547583575,821.4155883789062,4485978,43.043639549065375
2021-12-14,822.6591569974429,822.6591569974429,806.3972899405168,817.924072265625,3374432,48.22858026239798
2021-12-15,814.2412719726562,829.7378865829219,811.1802029261166,814.2412719726562,2762485,46.73643640331783
2021-12-16,819.8372334189439,823.4244099770325,804.8189092187393,815.1500244140625,2918474,58.16040867083568
2021-12-17,813.0933604691935,814.9108866289624,789.6093227350021,796.257568359375,4227183,68.76656755925396
2021-12-20,771.9603940929711,789.8484595116616,746.8023408819421,759.6204833984375,7418777,49.6907264545404
2021-12-21,770.0472422222596,783.2958577561686,765.2643400966555,779.3739013671875,3613582,50.80646346913813
2021-12-22,784.3959282082651,806.0146218999914,783.4393478080111,803.2883911132812,3721795,54.88641568921949
2021-12-23,809.9367717884891,810.5585141214316,797.9795147890873,804.8190307617188,2917612,55.65815601261232
2021-12-24,804.4841762422918,806.2060094133651,792.5269203528403,800.8491821289062,2502607,60.21690954879099
2021-12-27,787.2656969472819,803.5275643204335,787.2656969472819,802.5709838867188,2640676,55.133562406201555
2021-12-28,804.197239422749,838.5384444013264,804.0537289934838,826.0072631835938,8220616,53.99342319167252
2021-12-29,822.1331166659593,826.4855462335843,810.2236778470437,812.4716186523438,3670117,47.65919109622759
2021-12-30,809.936707273215,810.988922451331,795.0140166955979,796.83154296875,3488161,42.88975344793226
2021-12-31,798.6490550469467,803.5275920733769,793.148717363111,795.6358032226562,2712460,42.34160139251523
2022-01-03,795.7793303182955,813.0934137752587,794.2965838557325,808.9323120117188,3501695,47.47586306153184
2022-01-04,813.0933708715803,816.6327301629698,806.6842702712323,811.22802734375,2496924,49.147493074643954
2022-01-05,808.3105401459006,810.3193358857377,792.0486712908943,804.1015625,3312721,46.980406286802854
2022-01-06,789.1788811772717,811.0845971118439,789.1788811772717,806.636474609375,2842824,53.1151305713955
2022-01-07,806.6363272957482,849.4432951540164,805.8710747428851,823.5678100585938,12254034,71.76813576732297
2022-01-10,825.050519352606,840.5949494273652,825.050519352606,835.5250854492188,4778546,70.18567252809268
2022-01-11,837.0079076053454,844.6605513320229,821.846130575881,824.9550170898438,3257687,58.61548751991348
2022-01-12,831.0770902143205,831.6510735201299,811.4193734798791,823.8549194335938,3419540,57.59541144450267
2022-01-13,823.8550150557834,836.0514173106004,816.0110427129313,830.4554443359375,3384510,61.57014877810371
2022-01-14,826.3897612057541,868.5749299333049,819.5023712297176,863.5050659179688,14072932,69.12914583879419
2022-01-17,870.4882173271968,878.7626616481133,852.5523337284221,858.387451171875,6834869,61.486279045498065
2022-01-18,860.826667443837,864.9399512103093,818.7371326733598,823.7113037109375,5857768,53.46706746238399
2022-01-19,826.0070678006197,839.8296644570331,813.3801964884456,837.91650390625,4437914,62.786527508464374
2022-01-20,837.7253394127231,846.573708684282,828.0639001026577,842.1734619140625,3262969,64.21271095671989
2022-01-21,835.0946861591009,842.7473293312347,817.8762390217998,824.2853393554688,3915909,54.560935772949726
2022-01-24,822.1809161423821,822.8027168035442,770.0472803893165,774.6388549804688,7654105,41.51696375177697
2022-01-25,773.8735353658968,796.8314647216218,750.7242782552008,793.8660888671875,5090144,47.7530290922558
2022-01-27,783.0567847472645,788.6049984318273,768.1341520954417,778.4652099609375,4740612,44.14629308433707
2022-01-28,789.896337608685,822.6592193078645,781.5262583424712,807.9278564453125,5541007,46.91103982756937
2022-01-31,817.8764030351068,842.6996809796726,812.7108445040246,830.3119506835938,4650001,49.01111196529977
2022-02-01,855.7568218072992,860.8267447497954,811.7541224138043,819.6937866210938,11012459,49.0021706839136
2022-02-02,825.528876030079,830.3117779769508,819.7893936938327,823.5200805664062,2531086,49.93714542618976
2022-02-03,823.1374344101683,833.9945985989268,819.7894030093136,823.2809448242188,2603770,48.620281105972396
2022-02-04,823.6157361364072,827.9203479977473,814.2890771035037,818.5936889648438,2105561,40.30562342034314
2022-02-07,821.463401639973,830.8378776905608,793.961715704428,799.3185424804688,4119747,37.984050498064974
2022-02-08,805.9189647496386,811.7540816745251,785.830776904247,801.6621704101562,3851680,44.83533098927216
2022-02-09,821.7024499013721,830.6943277711833,808.4059608271882,813.04541015625,6791815,44.09628311322083
2022-02-10,817.8763684205742,818.0198788567704,803.8146226900188,809.1715087890625,2569073,42.151967668726364
2022-02-11,799.2229563012527,805.3929118060793,789.1788616978258,794.67919921875,2582020,42.84393283254666
2022-02-14,783.9176738659128,784.3481467427245,757.9464914570359,763.6859741210938,4917765,47.09020601338831
2022-02-15,770.0472704453267,787.2657187285763,757.1334342328896,784.874267578125,4358562,47.63582431774911
2022-02-16,794.7270491362025,801.6144402521307,784.5873194273629,789.1788940429688,2883449,52.991446582467454
2022-02-17,795.8432770473512,799.7268308876444,786.3021598655497,788.0761108398438,2350333,43.414017196196276
2022-02-18,784.38440194517,793.3022080125113,779.6378098123662,782.8021850585938,1905006,32.219655777652505
2022-02-21,776.71308828005,782.466518563606,763.2884176184195,770.3843383789062,3000870,31.791410102685703
2022-02-22,748.9047471995792,766.5006291807636,747.9458422735875,757.1513061523438,4301060,27.083926930631307
2022-02-23,767.0281466667849,785.3432090844839,762.3294886717517,780.88427734375,4772916,37.40459980786688
2022-02-24,743.1514013442206,761.706190341209,704.795199984519,707.7198486328125,10021435,26.587097517575558
2022-02-25,738.3568725585938,770.4801910400391,736.4390625000001,767.1240234375,7097351,44.18679233929494
2022-02-28,748.2335437330316,778.6308432859064,748.1376766458561,776.0897216796875,4654745,45.49035242240488
2022-03-02,762.3295001976776,782.2747131515539,762.3295001976776,775.5623779296875,3010826,43.12678231673195
2022-03-03,788.2200195001078,788.2200195001078,764.103531989061,766.7885131835938,2962409,42.36547450283996
2022-03-04,747.9460136385496,748.1378063730729,700.0007563540272,716.5418701171875,15395743,37.53109915497567
2022-03-07,709.5897468418132,709.5897468418132,679.2883702523093,688.4938354492188,6257302,37.88722689558152
2022-03-08,688.4938755314597,698.9938982912588,679.9116630099098,688.5418090820312,4872109,33.347506616953964
2022-03-09,700.9117130804259,708.2473021732037,689.5007186779837,704.8432006835938,4485413,36.00191509786815
2022-03-10,730.6856147514917,740.2746648138473,719.1787546766651,726.9458618164062,5542997,40.51479473746017
2022-03-11,723.301995692779,733.5622904144155,717.2609061829842,726.6102294921875,2461743,41.14534272316905
2022-03-14,712.4664300549329,731.5006712963735,708.1992910093818,721.91162109375,3574348,42.17127522007713
2022-03-15,727.8089868374187,738.2610760670656,720.1856794201005,725.3158569335938,3053279,44.68973139565284
2022-03-16,736.4389847054995,741.8088288915455,732.9869503754574,736.6787109375,2456680,42.30896006619529
2022-03-17,744.3500285747037,747.5623370102813,735.624016223758,738.7883911132812,2471381,57.180861494030886
2022-03-21,741.281580879424,750.5350385679805,736.439121796951,739.0761108398438,2165538,41.07960852049117
2022-03-22,742.192562493888,742.192562493888,721.1925169660433,734.3295288085938,2670547,36.352273819825015
2022-03-23,740.2746699048864,753.3157546686098,731.644524789415,734.9527587890625,3000265,36.73660759138382
2022-03-24,734.9048530021917,747.3706186398333,729.055497086839,740.754150390625,1803315,41.32862182767225
2022-03-25,746.9871201194562,747.2268464096102,736.439163352686,738.4049072265625,1756340,60.69418901812797
2022-03-28,739.3157238510654,745.0212200660641,727.4252789412684,734.7609252929688,2500762,79.72883089501806
2022-03-29,737.39797141589,743.870580397759,734.5212563128372,736.0554809570312,2496305,80.0484503006142
2022-03-30,741.2336478074692,762.3295601642147,737.39802737897,757.103515625,5002096,81.17844291491548
2022-03-31,758.5417816937282,760.1719318843885,741.2335583054335,742.8637084960938,2496423,60.47977484384694
2022-04-01,745.0692118168404,769.6651493628742,743.6787878114123,765.3980102539062,4160527,69.7606024894356
2022-04-04,770.9117051894282,803.2747497258875,770.0007337119072,798.480224609375,5650502,80.25761300356193
2022-04-05,806.2952853617438,806.3912109825958,785.7747524720303,788.5555419921875,3480544,73.76569077964992
2022-04-06,786.3021204350509,794.8843321134756,755.3774333813553,759.4048461914062,5400080,57.533386287940075
2022-04-07,763.1446104426018,768.0829951832008,751.7816082692002,755.3775024414062,3337181,55.43001648607634
2022-04-08,759.3089019356707,766.932208402062,756.6239796371771,757.8705444335938,1715933,56.06432046005081
2022-04-11,757.8705446099199,775.7541463006711,757.8705446099199,768.4664916992188,2482781,60.61416806405014
2022-04-12,768.466567794218,768.9939538919417,744.4939403802098,751.3980102539062,2743228,54.63890156243275
2022-04-13,757.5349720187087,761.0829323272179,746.0281116842473,748.2335815429688,1501647,52.14167046206448
2022-04-18,746.0280984470324,746.0280984470324,726.1787530169014,735.6719360351562,2339997,49.260676412478404
2022-04-19,739.3636220444362,746.0280229004069,714.6718205152774,721.815673828125,2121322,46.68141004437721
2022-04-20,723.9733626763639,730.2062459311935,712.3226421046437,716.87744140625,2149320,45.173760474211406
2022-04-21,726.6582415024868,730.0144092066668,720.281557980697,728.4322509765625,1365751,42.42270269572735
2022-04-22,720.3774134728478,734.5212628555095,720.1376872121248,724.1651000976562,1361764,44.78331439811901
2022-04-25,714.3842750969842,723.4459396878267,709.5897497607627,714.9595947265625,1579619,34.79767280401509
2022-04-26,718.2199244160117,731.4528031738326,718.2199244160117,729.7747192382812,1581369,26.72945898577767
2022-04-27,723.9733001974,727.3774013604941,711.6034018561074,717.7404174804688,1666186,26.35286204893559
2022-04-28,725.6034130090244,729.7266927343346,713.5211750959596,726.274658203125,1902979,37.170429862274844
2022-04-29,728.7198354443312,735.1445103763091,714.3841945990085,715.295166015625,1428538,35.27128323111366
2022-05-02,709.5897063691738,712.1787615977961,700.1445154451617,707.1924438476562,1299170,32.115085871540344
2022-05-04,709.5897818533475,714.0966475786115,689.5966337078434,691.993896484375,1654040,23.861053704999478
2022-05-05,699.9526613221468,702.4937242558448,684.8499087617467,687.7266235351562,1245236,26.149418454711892
2022-05-06,680.8224789569265,681.7334503172509,671.2334299575331,675.596435546875,2164692,24.503530038858912
2022-05-09,670.2746139344123,673.582847983249,656.1307647848664,662.3636474609375,1879751,24.388621230685644
2022-05-10,660.445800219232,670.0827834934545,647.2608568391747,650.8567504882812,1497882,24.795660293340376
2022-05-11,651.0007369397322,659.7267504903898,617.1993300287056,630.0965576171875,2586387,22.290277592632876
2022-05-12,626.1650908225511,626.1650908225511,592.6034090786164,595.14453125,3756193,12.97284612760427
2022-05-13,600.2745443408994,633.8362201427069,600.2745443408994,625.0142822265625,3683558,25.886162777200013
2022-05-16,630.8155810170032,632.7333908655334,613.267632608335,626.8840942382812,2251248,27.787135146018556
2022-05-17,628.5143665321339,658.7678110702215,623.8157080787967,655.0760498046875,2795767,32.35160348727514
2022-05-18,658.0007846507888,664.1857351283957,641.1240173809738,644.1445922851562,2385266,32.52107686241766
2022-05-19,617.5348081686917,634.2677118034904,617.5348081686917,627.9389038085938,2189389,27.466475933078016
2022-05-20,642.4663649976997,642.4663649976997,629.0416946843148,635.0348510742188,1380474,31.275173786880856
2022-05-23,637.6718584623457,648.6033994467538,624.774573830167,626.4047241210938,2459723,31.198398173627027
2022-05-24,632.5417452432531,632.5417452432531,612.7403323746804,624.3910522460938,2143475,33.23822526960821
2022-05-25,628.0826764516482,631.1991172126679,610.8223891598473,620.8429565429688,2333806,33.35718785557768
2022-05-26,621.3705230943697,625.2061436072979,599.5554314270905,613.1239624023438,2987486,34.105913062652476
2022-05-27,622.3294000294301,637.6718813860879,621.3704949446391,625.6376342773438,2191764,40.62194622837092
2022-05-30,636.2335343369524,683.6993368232811,635.6102226107063,666.534912109375,7812575,53.4809623121945
2022-05-31,676.0280618957175,681.7814922097238,649.5143137879049,664.1856079101562,8925215,58.242520464071696
2022-06-01,664.1855754670206,670.1307396795575,656.8978623091069,659.5348510742188,2016185,68.24227794387448
2022-06-02,658.7678307265006,663.658223526364,644.0006681698965,645.4390258789062,2332416,56.35443191808942
2022-06-03,653.014377200187,656.8499976242704,637.0006502242545,638.0554809570312,2642554,53.36029421484204
2022-06-06,637.6719115089534,637.6719115089534,621.5143834777294,630.8637084960938,1819887,41.66391735679598
2022-06-07,630.0005747391649,637.6718146142232,623.2882398484888,627.7951049804688,1587641,44.0488145172757
2022-06-08,627.7951383080986,636.0416982008035,618.4937477604262,620.9868774414062,1797454,47.28363935377031
2022-06-09,617.9665001531557,625.1103559720277,615.0897844027587,622.8089599609375,1149323,45.01764762944704
2022-06-10,615.6170811704585,623.0965293297617,614.802035236999,618.158203125,982264,46.52668629661792
2022-06-13,608.9047221427337,608.9047221427337,596.1512963607189,600.8978881835938,2000311,41.23122597717866
2022-06-14,598.356711893599,608.9046667506977,594.0416394520587,597.589599609375,1952853,41.30516842936949
2022-06-15,599.2677427200572,606.4595308352825,596.6307537444746,597.7334594726562,971460,43.89964330436028
2022-06-16,607.5622878008012,607.897939723971,572.6581749875044,575.43896484375,2867076,31.5344385286554
2022-06-17,574.384164131023,576.3499079122303,557.5553910609495,569.9252319335938,3552167,1.9553528771490818
2022-06-20,565.7539374982994,573.3293102416699,545.0895469103124,550.6511840820312,2426937,1.6736223401823196
2022-06-21,554.247047448998,578.2196706085567,550.4593612844053,575.1990966796875,3366401,19.301970218118754
2022-06-22,573.1375682376723,573.1375682376723,560.1444163308555,565.5621948242188,1686383,19.949547831741597
2022-06-23,565.5621959470889,571.3156263402982,557.9868810455156,565.2745361328125,2026544,21.074746428015246
2022-06-24,567.719616991108,575.2949888803821,566.3291932232147,571.9867553710938,1938626,26.511060722940385
2022-06-27,580.1854702463316,589.7265868941489,577.7402741523979,587.8087768554688,2296044,35.520858012751376
2022-06-28,585.459493404372,597.877326076379,578.9868840202251,594.569091796875,2017990,40.43073826506405
2022-06-29,586.8498972814355,589.6786789165258,572.4663213676748,576.44580078125,2143251,34.97977962840075
2022-06-30,576.4457479098131,579.0827365854722,551.370359455963,552.5210571289062,3232913,31.096359437397325
2022-07-01,552.521172663161,561.7266389177748,552.0417200764223,555.3978881835938,1928361,35.712161008048255
2022-07-04,557.6033878116808,562.3979139321596,548.4937881827711,551.7540893554688,1698911,35.63706913732027
2022-07-05,555.2060298267708,559.808762410106,546.5758842854219,547.3909301757812,1576894,34.631156857557045
2022-07-06,547.3909174991014,555.349876135565,534.1101061343558,553.5758666992188,2751283,42.5973908957032
2022-07-07,560.2882129148761,563.8361733299896,554.3429898580534,558.7060546875,2197534,46.191415679064065
2022-07-08,561.9183896749655,566.7129151841376,559.4252598209652,564.7951049804688,1642440,55.273527816110374
2022-07-11,563.4526072774471,570.2129349811356,559.7608460929987,568.5348510742188,1443087,47.05889324720144
2022-07-12,564.7951429561758,576.4937976905346,558.4184001894483,565.9937744140625,1990023,50.20319374240286
2022-07-13,568.6306354688603,580.7128144306205,567.0004853481369,568.4388427734375,2991446,51.46013771100517
2022-07-14,570.5006096143914,573.2813993304687,557.1238715608587,561.6307373046875,1831386,45.22554383152971
2022-07-15,564.7950394547767,569.973149814704,562.0141915713127,566.9525756835938,1140354,39.353882735312006
2022-07-18,571.3156769975329,580.1376160880587,570.7882908701107,579.1787109375,2221750,42.559135977337114
2022-07-19,575.3430220973879,586.3704300209212,574.384117060559,582.7745361328125,2129099,53.559848995661845
2022-07-20,590.6375899350586,592.0280139927977,581.5279917644572,583.1581420898438,1599889,73.44099659656817
2022-07-21,583.0142815342965,587.7129397797984,578.3636153637467,582.8704223632812,1622641,71.88688897014774
2022-07-22,585.5552985599511,591.4525285583019,582.1032058158069,584.6922607421875,1465991,77.02584000809284
2022-07-25,584.2608028985691,585.6991603939013,571.555311689801,574.6717529296875,1288536,70.48243841323871
2022-07-26,573.0415888553705,574.2882121426754,566.712839439904,571.5552978515625,1549042,64.15097965179679
2022-07-27,568.6306608849412,577.5005320707518,564.6032482087033,576.2539672851562,1176622,63.90580396398
2022-07-28,579.2744588895457,581.9114475111744,573.5210291696287,577.740234375,1600700,61.0655639345665
2022-07-29,581.0964717635511,613.6992441067206,580.3293594138019,610.9183959960938,6964646,74.10038135140275
2022-08-01,619.788259879254,621.274609538416,606.747174521175,615.5211791992188,3068787,77.51737094296499
2022-08-02,613.2198110062601,627.9869729463433,606.0280227614642,621.3225708007812,3211110,78.32572158999892
2022-08-03,618.8293747511526,621.9938083611527,608.9047305071978,615.7609252929688,1638012,79.38573093803699
2022-08-04,618.4937254140075,622.7129308275984,605.1169889496701,612.7402954101562,1794443,75.49381163724844
2022-08-05,614.3224232046871,620.6032383449312,611.5895092320485,615.9525146484375,1225071,72.75952572705583
2022-08-08,616.5758772193254,633.8361661617016,616.0005576653447,631.4389038085938,3886443,76.25446098992322
2022-08-10,635.9937553552534,649.6581519083063,627.3156766181717,645.4869384765625,5461816,79.30562658158466
2022-08-11,659.7266171402318,662.9389253681576,625.4936981210317,642.5621948242188,8853819,77.3866383201794
2022-08-12,642.6582110268132,656.8020612804555,636.4253278641912,639.0623168945312,4080911,74.56675806128679
2022-08-16,642.2746020918585,648.219825211908,638.6307745430928,640.6924438476562,1596822,82.2784651478411
2022-08-17,641.459650288945,648.2199202967128,640.6925378282992,644.0487060546875,1526304,85.3601535715264
2022-08-18,647.748661653719,694.8401815662296,646.787610226933,686.3348999023438,10273793,89.28803578772734
2022-08-19,679.367206741652,723.4313866358459,669.9969563003375,706.5169067382812,25609355,90.54924560553162
2022-08-22,690.9959182257402,698.2038033254523,675.811318680597,684.7490844726562,9845889,75.04770826396584
2022-08-23,675.6191229599493,690.9959451041302,671.1021697235119,687.1036987304688,4889154,74.66118438483298
2022-08-24,687.1037311726096,700.6064920239277,680.5685931843554,696.0895385742188,4455258,75.20522498617294
2022-08-25,701.4713769062647,705.1714009985931,687.151688877675,689.0737915039062,3528550,74.47506764907247
2022-08-26,691.95688055115,699.4050275293048,688.2087573183334,690.6594848632812,1996839,76.26449905979845
2022-08-29,640.0602322953268,669.8528256904547,640.0602322953268,664.8553466796875,5290429,64.3051395548471
2022-08-30,672.6879176851461,686.0464965239026,669.0839750502066,683.0672607421875,3375748,64.86537878220722
2022-09-01,679.4633727334747,688.9297060191373,675.811388968048,679.5114135742188,2309164,60.42666784377085
2022-09-02,686.0945636667187,697.9154832203343,682.4906212017189,684.8932495117188,3497693,62.77973262418353
2022-09-05,688.3529655280593,693.3504438156573,682.3463951482332,683.2113647460938,1573079,63.47651635914324
2022-09-06,687.0556204680929,689.6985116301626,677.7334108193911,680.712646484375,1471443,62.15174676575995
2022-09-07,679.4632588582621,683.7879896430742,674.2735584533214,678.9346923828125,1244503,60.69530364099743
2022-09-08,685.4218140055103,695.8011565427972,681.5295678862674,686.95947265625,2501592,50.24240417182483
2022-09-09,690.5154109056056,693.3505241850971,682.3464742421432,684.0763549804688,1383138,39.9396707502739
2022-09-12,687.1518083050969,696.7623231065668,685.7102310848765,693.2064208984375,2318918,54.2760402876348
2022-09-13,696.7141308682723,699.3570218643766,690.03481280108,691.9088745117188,1479262,52.4557529024973
2022-09-14,684.2685790131527,690.6595941201938,680.4724143502455,685.08544921875,1269173,44.249094577930094
2022-09-15,688.5452418425989,709.2558864148639,687.2477873434303,696.1375122070312,5718669,53.54216861569803
2022-09-16,696.1856013506248,701.9038097920853,665.0475150443413,675.6190795898438,3745099,43.66141825451455
2022-09-19,677.445132492067,681.769863646316,662.9332216463908,665.0475463867188,2263251,50.09293170154434
2022-09-20,672.6398524990461,687.1517041872457,671.1982754972547,678.6464233398438,2330872,47.762645373530816
2022-09-21,680.3761674255729,685.1814231335607,668.6993725919999,673.0721435546875,1419089,46.806377497737245
2022-09-22,672.735860508592,677.541116655082,666.1045835632711,673.600830078125,1654457,44.116163591736836
2022-09-23,676.0995468909405,679.3190450796371,657.3590477233878,659.0889282226562,1804335,38.913443272641175
2022-09-26,653.514948974793,654.8604443917335,635.2549724593209,638.61865234375,3249490,33.39656909100364
2022-09-27,641.9823528891776,655.1487691635494,638.1861880229936,650.2954711914062,2808630,39.5218633475461
2022-09-28,645.7305088241559,656.3020750378347,640.7330294279222,653.611083984375,2044821,37.36350045700288
2022-09-29,662.212434066262,684.2685747160095,657.8396620689726,679.4633178710938,5846347,48.511171923200266
2022-09-30,677.5413288408231,684.2686895527178,668.1230355757566,678.5023803710938,3220279,44.99019503866877
2022-10-03,678.4542013413545,681.8178810122012,672.8320158396169,678.6464233398438,1735784,45.445559330218956
2022-10-04,686.1907468921077,691.9570556895203,681.0971858526451,691.2362670898438,2443139,52.03177615240166
2022-10-06,697.5311178257068,706.0844990362724,692.0050720900297,702.7688598632812,4123619,52.18357567148448
2022-10-07,704.4506106255047,708.87142319082,695.8491896645921,706.6129760742188,3152365,61.46463510778659
2022-10-10,697.2426991328283,706.8051710385969,694.6958897941256,702.720703125,1952447,64.659672309938
2022-10-11,706.3728355692983,717.5210092389219,693.0141965763136,697.3389282226562,3747651,57.7707105275978
2022-10-12,701.5674653120799,706.0844182586865,679.0308000714988,694.1673583984375,2818945,58.94830537699886
2022-10-13,693.8790325476451,699.5492586313532,683.8840756516596,695.897216796875,1887973,59.36241930672211
2022-10-14,703.489627696089,705.3636896653884,691.3804034694073,694.6959838867188,1612489,66.83338873422805
2022-10-17,691.1881455582065,701.3752664478783,684.6049085882707,699.6453857421875,1387810,83.81270586325607
2022-10-18,703.1531940981404,706.0843887773229,696.762179608223,702.6726684570312,1675213,82.09671338463932
2022-10-19,704.4506656718736,726.0262810110071,701.7597335236744,713.8689575195312,6094000,83.67360581963842
2022-10-20,710.1689515649681,715.9833008672721,697.338880039237,713.724853515625,2237769,76.8653366273232
2022-10-21,714.0611551672042,726.5548227542481,706.6610480186789,714.5897216796875,2936578,78.33969383323891
2022-10-24,719.8275575458221,721.2210939215216,711.2261350798774,714.830078125,649393,78.37241022843114
2022-10-25,713.3403604890858,717.9053543756781,706.949345584689,711.5624389648438,1544325,68.66726457399103
2022-10-27,716.9443275387331,717.8092972415595,708.1026431350895,712.3793334960938,1783787,60.98900945516265
2022-10-28,712.4274029252721,715.7910828811591,706.6130535902522,710.6014404296875,1484665,54.78675790858521
2022-10-31,715.02223097656,723.5275122770238,709.2559226622329,712.331298828125,1993381,62.165611788266126
2022-11-01,715.9832843846044,718.5300940271278,710.553320576774,713.3403930664062,1359226,72.77701516915431
2022-11-02,713.100152836327,731.6484334898381,709.4962100153887,726.0263061523438,3424051,85.68375688583292
2022-11-03,722.662660812427,730.3991133738144,716.9443928642968,722.1340942382812,2828562,78.02903154712769
2022-11-04,722.7106851516149,736.5978902348501,718.914520220098,728.95751953125,4743835,82.67657040404687
2022-11-07,732.6094383943295,744.7187206986006,731.8406090395947,734.1471557617188,4583239,82.75559150788473
2022-11-09,739.5291388450585,740.9707161137624,729.9186237203664,731.6004638671875,1566292,77.71664695899517
2022-11-10,732.3211519095285,733.2822032899871,709.2559187785197,715.4547119140625,2557799,51.38774197752564
2022-11-11,725.5937758504663,728.1886262506546,715.5027365836718,718.6741943359375,1668424,54.11008478665472
2022-11-14,722.4224075802938,735.2043805032087,720.8366491787827,729.245849609375,2342968,60.48116475427582
2022-11-15,720.7886032002149,720.7886032002149,703.0571918299042,711.8027954101562,4125858,48.26256286951935
2022-11-16,713.1000260687124,719.6351628240129,693.9270419381126,699.7894897460938,2945626,43.859612262439114
2022-11-17,694.84012284496,709.6883778655543,694.84012284496,698.15576171875,1607026,42.64412420700832
2022-11-18,702.5286300025073,704.4507329573705,686.5270994401002,690.1310424804688,1537039,40.05601343943035
2022-11-21,683.30746519128,693.9270701831339,682.9230212132383,687.6802368164062,1154333,38.10844821524998
2022-11-22,686.190665918581,690.9959226827167,685.2296145657539,687.2958984375,876182,37.36007493081874
2022-11-23,690.7556946063879,696.1856584862888,689.2660766661256,693.6868896484375,1116201,33.28363266261616
2022-11-24,693.879034568987,699.4531203450217,693.3024272555033,695.36865234375,1110302,35.84128941854121
2022-11-25,699.5973916768213,699.5973916768213,691.9570211698199,693.5908203125,800689,30.236271929645056
2022-11-28,691.9569103078361,707.141508552453,690.9958590435197,697.6271362304688,1780538,29.325271830396076
2022-11-29,693.9270164717251,700.9907780805626,692.05295487518,694.8400268554688,848626,29.24566207276318
2022-11-30,697.7233258671249,710.6014382650318,697.7233258671249,707.5260620117188,2643749,45.34163094376593
2022-12-01,711.0819597756384,711.0819597756384,701.5675273795142,703.4415893554688,1155151,41.14034458692382
2022-12-02,706.3726878994225,706.3726878994225,698.9725813422266,701.6635131835938,926912,32.129437398914106
2022-12-05,704.4506383703286,705.1233860457859,696.8583092548749,700.7025146484375,1114128,40.85500823148318
2022-12-06,700.5103276660607,713.5806020999432,686.286721263526,688.5452270507812,3646370,40.75831333424299
2022-12-07,689.5542825314283,694.5998016719021,684.7009853755077,689.362060546875,1847900,42.674061961014026
2022-12-08,693.494616877034,694.4076273729236,687.632227222026,692.5816650390625,1090422,52.2192657315214
2022-12-09,694.3595989031506,699.1648556429648,689.7946050003271,694.0232543945312,1253279,55.85114169442362
2022-12-12,692.8700257690798,696.762272247984,682.8270268030243,695.7051391601562,1082376,57.57578423555934
2022-12-13,696.2817421664159,701.9519689129278,692.9180622525685,694.6959838867188,1172294,51.00669914960623
2022-12-14,696.7622403763532,711.081929193463,695.4648444953723,706.2766723632812,1858776,59.08730816518921
2022-12-15,671.294349077165,675.1385543689454,660.242258863296,662.21240234375,14531256,34.66417763522922
2022-12-16,654.8604283156151,656.3020053735527,642.1264976371665,645.970703125,8857773,27.444517348772223
2022-12-19,649.4305438982834,655.0526716475503,646.7876523026929,650.4396362304688,2696707,30.893447540082846
2022-12-20,650.1031675020965,651.5927852944164,641.0212209312326,647.8927612304688,4253915,21.884974464220562
2022-12-21,651.1122841437563,652.2655574856316,624.8275534056962,628.0950927734375,3812361,19.060835375514984
2022-12-22,631.4107639750222,631.8432488326168,607.6247420444563,615.9859008789062,4836262,17.57011133535896
2022-12-23,609.7870997762228,613.1988204389737,581.4360841049879,583.5984497070312,7402977,14.193425334703406
2022-12-26,586.3373256083858,604.8856610727921,582.3970390712334,597.8218994140625,3578861,22.605919982012622
2022-12-27,603.5401903649094,610.219508343365,598.7829749035396,608.4415283203125,2032618,26.93153314421093
2022-12-28,610.2676392795988,616.0339476822408,605.8948671391798,613.87158203125,2067777,27.840946581255324
2022-12-29,611.2287905840892,611.9976200985205,603.1078931914407,608.3936767578125,2332891,26.428617751987503
2022-12-30,613.1508077831511,620.4067342941412,610.8442609051233,614.7846069335938,1680270,28.287779991903363
2023-01-02,617.9560667531842,619.5898659085333,614.2079427296143,617.3313598632812,937786,29.411762794982707
2023-01-03,623.6742627987866,629.2963895301541,617.1391255862957,618.965087890625,2364730,25.46580250364879
2023-01-04,620.8392439519994,621.3678105240884,608.3455749560613,610.4598999023438,1377074,31.82585323299375
2023-01-05,613.5352987454619,613.5352987454619,606.904019957341,612.333984375,861066,36.86187209931027
2023-01-06,612.5260661474731,615.0248348999058,606.4234134216908,611.4689331054688,730880,34.337536182112544
2023-01-09,614.5442930206433,616.802740213554,611.5169578269877,614.6884155273438,592137,36.72681670017372
2023-01-10,614.1118061125997,617.7637894721394,609.8831567544471,612.1416625976562,978802,42.602484545880095
2023-01-11,611.4208683136834,618.9170569614465,611.4208683136834,615.7936401367188,922620,49.90326253993875
2023-01-12,618.6288270122382,619.2054344161932,613.3910849042672,615.6976318359375,685572,73.92569070701649
2023-01-13,617.4755167199222,618.4365681078132,612.2377749243323,616.5144653320312,697974,67.41293221181236
2023-01-16,617.9560238853873,618.2923683978956,613.150767090011,615.1209106445312,789814,57.513652760555914
2023-01-17,615.072868062969,618.6287698130419,608.9702154133246,616.1781005859375,1093013,52.8777208511779
2023-01-18,616.5625388704334,617.4755494689374,612.862514293984,615.2171020507812,706202,59.594638434167365
2023-01-19,614.1117900421089,616.0338926713486,610.2675847836292,615.3611450195312,802422,50.98346250432073
2023-01-20,614.5923687073346,626.5574703379124,613.631317309825,616.4664306640625,1759179,48.44828907747056
2023-01-23,619.5898149672638,619.8781186396984,614.8806399051279,617.7637939453125,756232,47.81851150706917
2023-01-24,618.052114062549,622.1846818897727,613.7273828872018,618.1482543945312,845755,69.80198953669702
2023-01-25,615.4092964268985,618.6288541040972,601.1377053037222,603.1078491210938,1518420,35.84054134560803
2023-01-27,606.1352044634292,608.2014300334938,577.5919626317391,588.0193481445312,2034846,24.948553633326284
2023-01-30,590.0375144641739,602.3389605629945,586.241349730238,600.512939453125,1192737,37.36069615189956
2023-01-31,601.666157288251,615.0728347139909,597.9661332300914,611.8052368164062,1169450,49.74050234828426
2023-02-01,616.0339451879893,627.3743399356846,592.776489659916,603.5883178710938,3338066,41.204949843602115
2023-02-02,603.5402772460419,609.7390704875578,598.6389385850789,605.6546020507812,1229577,42.962899604405
2023-02-03,606.51958259087,608.5378259502818,593.929831312625,603.0117797851562,1017351,40.77480188350366
2023-02-06,602.5792438927826,611.5170104198946,600.65714104145,610.1234741210938,903072,46.83313117686009
2023-02-07,610.2677184398284,613.0547913257965,605.942986576869,611.6612548828125,876421,47.15500975702021
2023-02-08,613.1027668222338,616.9950133524519,610.3156942333289,616.322265625,971390,50.665100428070936
2023-02-09,617.9560690230824,631.1224853357189,612.1897604474393,626.0769653320312,3035079,55.78026765278359
2023-02-10,628.2391845036592,628.2391845036592,616.5623888985634,619.0611572265625,1367860,51.31573571885744
2023-02-13,619.0612502040619,620.9833529029391,608.8260298693727,615.1689453125,859178,48.71794098559983
2023-02-14,616.9950499779121,619.4937603620039,611.4209631271426,617.0430908203125,773609,49.461883701260604
2023-02-15,615.5534907017219,622.7613770097046,606.4235013782771,622.0405883789062,826243,60.21786678964359
2023-02-16,622.040604454396,627.5666507666598,620.7432083486019,623.9627075195312,908726,72.61189296119898
2023-02-17,622.9055621944332,626.5575462156495,620.118489340965,624.58740234375,769510,67.80392553366278
2023-02-20,624.5872791299704,627.47043310289,615.6975543801351,616.8507690429688,839690,53.93847918846347
2023-02-21,616.8508728336748,622.2327963500989,614.1118995617114,617.5236206054688,810862,62.3298886229511
2023-02-22,617.8618088517967,617.8618088517967,596.989370333822,598.4388427734375,1476831,45.09323936764077
2023-02-23,595.2500010387023,595.2500010387023,580.7552769874351,582.011474609375,1905454,37.97416501868873
2023-02-24,584.5721730409144,589.4520511769539,581.7215324729938,587.3744506835938,1103521,36.70651762977124
2023-02-27,585.5867806301666,586.6497033399701,574.9573176154275,579.6439208984375,1272125,32.553254327662444
2023-02-28,582.5429773664542,590.0802815913127,580.3687686044807,588.7274169921875,1169989,35.65455226201129
2023-03-01,582.9778288624138,594.0904513844922,582.9778288624138,590.7566528320312,838187,30.03472174304254
2023-03-02,593.7522306170869,593.7522306170869,587.5194874169096,588.6790771484375,675954,31.81064773943089
2023-03-03,590.4183414841121,596.6993876701133,590.4183414841121,593.2689819335938,922970,36.997403169683984
2023-03-06,594.815183946331,600.0333085160055,594.3320264483681,595.0567626953125,1159437,36.93272506718207
2023-03-08,594.2836708719799,597.955655741694,591.5780009142527,597.4241943359375,599416,34.89743142310857
2023-03-09,597.9556511067062,600.4681052459064,593.3173513609585,594.3319702148438,705160,32.07835950928218
2023-03-10,592.1577698697596,592.8342021080991,584.1856717974013,591.33642578125,783871,30.449418202384607
2023-03-13,586.6981551642516,592.3510741233468,579.7889795660818,581.3834228515625,1063211,29.67596799341905
2023-03-14,581.7215605092255,584.620505162926,576.0202790986093,583.0260620117188,1024101,30.44898891018147
2023-03-15,584.6205899040308,588.4375460471758,581.2384873178091,585.2487182617188,787957,40.758346939491155
2023-03-16,584.1373605544698,586.1665982649715,575.6338011792897,583.1227416992188,921400,50.97375404728057
2023-03-17,586.2632989687054,598.1489611999433,585.78014148793,591.0465698242188,1271225,53.079509113021125
2023-03-20,585.5868265849324,589.3554782684878,579.7889372128043,584.0890502929688,694608,53.77673647735534
2023-03-21,583.895797144792,588.2925182856684,581.8665593810591,586.3115844726562,823110,47.67654140970146
2023-03-22,588.5824137351369,589.3555128801677,583.5092602365886,584.3789672851562,504390,43.85475648858014
2023-03-23,584.3307713952975,586.1667347563152,579.4508917805573,584.765625,932262,46.10216393793421
2023-03-24,584.7170974794797,588.0991994853448,577.9528934677493,579.8372192382812,886735,36.71143970976827
2023-03-27,577.9046795545756,579.7407016640431,557.2738776963195,562.491943359375,1429219,25.365631135021715
2023-03-28,564.3279986951857,564.3279986951857,540.0251511870985,541.3297119140625,2025058,16.960921907084554
2023-03-29,544.0352689136542,549.5432754391665,538.3339876193352,545.4847412109375,2017776,21.58522270958177
2023-03-31,549.1567101857187,556.1141888094041,548.383670111793,553.505126953125,1237105,29.208719196885
2023-04-03,557.5636768572085,560.124434839992,547.5139786740033,551.08935546875,1707849,31.84712816709164
2023-04-05,551.8141282283815,555.5344760913192,545.5330811919443,547.5623779296875,1555308,29.21867925054667
2023-04-06,549.4466852116313,553.4569160518705,547.5624181456554,550.7029418945312,1559125,29.97201734160498
2023-04-10,550.9444358350739,563.36155807753,550.9444358350739,561.7188110351562,1300834,38.750601474333884
2023-04-11,563.3616098587896,569.1594994971305,558.5783391113217,565.1976318359375,1285557,35.74852794003135
2023-04-12,565.1975739242624,568.6762837591556,559.641263590167,564.7144165039062,1406652,38.49683425039572
2023-04-13,562.3953065599119,573.991086076611,562.3953065599119,572.6865844726562,1102409,42.42752566198769
2023-04-17,572.686559179469,577.4697708355052,564.472882384571,576.5518188476562,974707,45.741328901977504
2023-04-18,577.8079599021476,584.5238597142699,576.1169089627947,583.2192993164062,1216107,49.21248412379184
2023-04-19,586.4565804544169,593.1724223305447,580.2721410381891,586.2633056640625,1814835,53.33673498493026
2023-04-20,586.408162777187,589.3554703517726,578.8226145422205,581.47998046875,698282,61.338703210992456
2023-04-21,581.7215513415993,583.5092102582033,574.6674645912661,582.6878662109375,830247,82.42417108328118
2023-04-24,582.6879743146594,587.0363920334255,577.1799667417176,583.0745239257812,870486,81.32045399760165
2023-04-25,583.6059565485311,590.4184655085617,579.7890004994059,587.4229125976562,977657,80.1029235711229
2023-04-26,585.586863853771,592.3510685517518,584.1856953704952,587.7127685546875,1087979,83.7789241868802
2023-04-27,587.7127072296888,589.5970329947714,584.6204878945761,585.6834106445312,702044,86.1591599345566
2023-04-28,589.5486825034958,598.7770367565147,587.9059943969496,596.9893188476562,1552366,88.01557606163051
2023-05-02,599.1152156226632,609.7446791256459,597.3758606634655,605.8311157226562,2483827,87.57173988987407
2023-05-03,605.3480145110601,611.4840908750759,601.6276665519898,606.555908203125,1461740,86.95998411669864
2023-05-04,606.5559308533215,614.141479931077,606.4109600131865,610.3245239257812,1244544,88.49898095236132
2023-05-05,609.5031352491774,612.3537760564844,602.980509544965,604.3333740234375,878399,77.63696662356338
2023-05-08,606.8458969622352,609.3582926891909,604.3335012352795,606.9425048828125,659593,77.13533963249216
2023-05-09,606.9424179597597,612.063934559161,599.1152901797311,601.627685546875,935395,66.84340148439375
2023-05-10,602.0142490646995,604.6716153326416,597.1826740320776,603.2704467773438,650253,65.97081240822277
2023-05-11,603.9951435554933,606.5075977957569,603.2704073479683,605.492919921875,530789,73.6890655105973
2023-05-12,605.4929216107128,615.7358954264791,603.9951452401535,607.2806396484375,1240961,73.98666507917609
2023-05-15,603.946803518235,614.1897177142323,603.946803518235,611.0491943359375,927921,75.59658173881866
2023-05-16,610.7593280594807,615.2527159899354,603.2703874948438,605.05810546875,676721,65.66513739084797
2023-05-17,605.0581385134,607.8121125700961,597.182647962352,601.7726440429688,671895,61.85814313350211
2023-05-18,603.9467913583308,606.6524611877803,592.3510129642508,594.138671875,723251,56.51524885503076
2023-05-19,594.138638823852,596.2162392622221,583.750754590353,589.7902221679688,847752,43.78646729980256
2023-05-22,589.7903699641861,603.8503011915095,586.6498460368385,602.4974365234375,1083528,47.3026828475736
2023-05-23,607.2324098136748,614.8662634318156,601.0479698123537,603.3187866210938,1199438,47.384894842567086
2023-05-24,602.9805509988207,605.7345251160351,597.1826610853705,598.0523681640625,659056,40.32020304431677
2023-05-25,598.6321223430514,600.5647522779765,595.2500199569325,597.714111328125,595504,44.26781285743583
2023-05-26,600.8546950037141,604.6233473450178,598.4389073436967,603.3187866210938,1185212,47.016691573212675
2023-05-29,608.7784632240854,625.2058185809258,605.1547818953705,623.9979248046875,4019467,64.69839955982681
2023-05-30,615.54262069554,631.6800920920291,606.1693539220789,622.0652465820312,10121546,62.30228232278519
2023-05-31,621.3405346360181,628.2980143158045,618.4415896843725,627.62158203125,2740993,63.87876161616471
2023-06-01,628.2013474299047,636.8981822848411,625.6406481101294,627.62158203125,2453298,63.050176056338024
2023-06-02,631.3902236029647,632.6947252179256,621.8719857818584,623.7080078125,1537757,58.106453831962725
2023-06-05,614.5762951277513,625.5439459852921,614.5762951277513,621.9686279296875,1619948,61.45281833363647
2023-06-06,622.1136164148201,624.6743748849649,615.590989837588,621.340576171875,882889,63.747415399630036
2023-06-07,622.3551209109851,635.6419512420445,622.2585130093414,630.9070434570312,2220779,75.14868043246113
2023-06-08,632.9362881109581,635.6419581574278,620.7607434122529,622.3068237304688,1224083,71.01811318610912
2023-06-09,624.2394667997938,625.1574778115129,617.3786541464546,618.5865478515625,745628,61.766753978584475
2023-06-12,620.3258665856548,625.2057450720657,617.0886762584374,624.142822265625,864306,64.24318630974895
2023-06-13,619.7460541736787,628.5878593378985,619.7460541736787,625.7855224609375,956702,69.95821942357563
2023-06-14,625.0608622726768,627.8631994903967,620.42256185989,621.82373046875,785495,66.49049508389442
2023-06-15,621.8237336961143,627.1384664627478,619.8911035991567,621.340576171875,765612,63.25520634592852
2023-06-16,623.2731277351093,648.0591291971784,621.5337726628478,642.5994262695312,5271115,63.56590458504224
2023-06-19,639.7005353839417,652.2626304896686,637.96118016514,645.3534545898438,4493884,66.7828175308338
2023-06-20,645.9815710222481,648.3007505906668,637.9611683985123,641.6814575195312,1519178,60.415221721961146
2023-06-21,641.6814435326194,645.0152419723585,636.8015647337592,640.0386962890625,1006572,58.97975073756469
2023-06-22,641.1016435894636,644.2421670702523,620.180902041152,623.176513671875,1913224,49.67626616066835
2023-06-23,623.1765482431986,624.2394711193748,604.526622123931,606.6525268554688,1975633,42.09473129098902
2023-06-26,603.9467558625644,612.3537065000064,600.7096248428112,611.1458129882812,914109,44.93996029060443
2023-06-27,614.0931209136884,615.0594358167783,607.9570448707394,609.358154296875,871962,38.409486797155424
2023-06-28,611.6773700797078,613.1268425206549,605.444626787798,607.6188354492188,1192576,41.47021835571807
2023-06-30,610.952629975288,619.8910433043056,609.0200000663112,613.7066040039062,1309614,47.24190246739565
2023-07-03,614.3829877481598,618.4898259804058,610.7110030069288,611.77392578125,782176,42.710642895887496
2023-07-04,612.6436126520916,615.3009784798412,605.927712673398,607.5221557617188,939181,39.55797071610085
2023-07-05,608.4885062716027,611.6773336559634,605.97605213606,609.358154296875,690230,42.69527572798311
2023-07-06,606.8458337640931,612.0155955396755,606.4592841636508,611.0009765625,824834,44.02232365918311
2023-07-07,611.0010006725023,615.0112317633776,605.879542650086,609.4066162109375,1054909,25.162748255599936
2023-07-10,610.4694492001016,610.7110279295041,593.6555460420152,595.1533813476562,1947356,17.951873141353758
2023-07-11,595.4915597943382,603.511961704454,594.2836661639236,598.14892578125,1079845,21.966356656544377
2023-07-12,598.9702839362222,601.4827381340448,594.3802880327657,599.7916870117188,957020,24.08213447118132
2023-07-13,602.0142549077107,605.4929653732871,593.8005772725332,596.9411010742188,966834,29.384975008225084
2023-07-14,599.0186806829533,602.6906658171805,595.8297940603383,601.8692626953125,757598,45.40388501883158
2023-07-17,601.096169347886,608.7300806190622,601.0478653989151,604.478271484375,1006467,43.35262296378783
2023-07-18,604.9131784790138,606.8941123954481,599.1152885894386,601.8692626953125,763870,42.65406362031846
2023-07-19,602.0142053349508,606.3626225484456,601.8209305518477,604.4299926757812,655382,46.921635635163796
2023-07-20,603.850218144582,605.8311519381734,601.2411560602308,604.091796875,635393,39.55930482410502
2023-07-21,602.9806080398712,609.1650481242644,599.5018973543947,602.1109008789062,1112376,39.517922003630886
2023-07-24,602.2074269918483,605.8794116301347,597.5207645765804,599.4050903320312,875139,40.88934864220535
2023-07-25,600.5646738631889,603.946775807712,594.8633927078931,598.583740234375,842704,37.62485348468109
2023-07-26,598.5838339600652,602.9805553805444,597.7624308288458,599.1152954101562,781540,35.99087232331313
2023-07-27,601.917697067483,603.8503272600526,596.2647183667011,598.6322021484375,904121,36.95905274946737
2023-07-28,599.1153372297501,610.6628139931618,597.3759819175019,609.4066162109375,1464610,68.83797846166257
2023-07-31,611.1942718986777,621.0023932923642,609.793103273981,619.0697631835938,2235245,73.507235960481
2023-08-01,620.3742017712588,627.0417985595395,614.238125392142,621.0989379882812,2000678,73.7353106753078
2023-08-02,621.3404872629606,622.548380900719,609.3581587847239,616.267333984375,1033405,70.61854126104538
2023-08-03,616.4606136817875,640.2802410209633,613.7065807782113,637.9611206054688,4563922,78.35993335526688
2023-08-04,644.0488850472316,646.3680644140179,629.6507693517275,631.5350952148438,2364709,70.05730801633545
2023-08-07,635.8352067554288,636.3183642073706,627.2833434477311,631.7766723632812,1052162,72.97693973420064
2023-08-08,634.6756639363141,636.1251363991616,619.0697124738342,620.9539794921875,1180459,61.26482016082792
2023-08-09,624.0461988681753,631.2935611784573,618.7797704602,626.8002319335938,1792990,64.39951668123177
2023-08-10,627.0901650724898,627.0901650724898,613.7066662087731,624.6743774414062,2510995,64.2813433919813
2023-08-11,625.2057134433962,656.8042211118734,623.7079372085716,640.18359375,8325028,72.2105758663127
2023-08-14,641.2949500356934,641.2949500356934,617.0404090296413,627.7665405273438,2976922,64.11222698994293
2023-08-16,627.7665553310038,627.9114671916425,617.5718850277442,619.74609375,1177223,59.3028459390476
2023-08-17,621.7270375403361,630.2305969641894,617.4752283388187,627.2349853515625,1611226,62.13111800496191
2023-08-18,627.6227331663357,636.7341911039174,621.3707265403385,623.6486206054688,1353750,56.432581683292504
2023-08-21,623.6486828803077,631.9846531063845,620.7407780347262,630.5307006835938,1495106,55.30987264856819
2023-08-22,631.1122312149218,636.3464833795101,627.3804438193266,631.69384765625,1048022,54.9483491629651
2023-08-23,632.9539236965215,639.3512903786354,628.6405198880409,629.706787109375,1078844,56.44822722949261
2023-08-24,632.0331030353921,644.10091991347,631.984649787182,639.351318359375,2183330,50.754220782016056
2023-08-25,640.1267465389233,649.432017452763,631.015288599625,638.042724609375,3014348,53.73813655885704
2023-08-28,638.7696901617373,663.0991342104421,636.0072045441382,657.2833251953125,5261237,62.02658562626446
2023-08-29,663.0023154333179,664.9409186948188,650.6437196412494,651.8553466796875,2900392,65.35119689415154
2023-08-30,657.1864528540958,661.8390884756358,650.4013419839207,651.9037475585938,1632153,63.23324062789168
2023-08-31,656.21723592849,657.9619671163881,648.268950337533,651.3707275390625,1663214,64.31326324717969
2023-09-01,655.0054533519727,668.4787671410019,651.9036768867143,667.2186279296875,4146601,64.44239826068585
2023-09-04,672.2590188452391,686.2654368390064,670.8050666485462,681.6612548828125,6419929,78.18123210769373
2023-09-05,686.1199570048632,689.6094774638221,674.6337593359264,680.3526611328125,2678643,84.08317990413936
2023-09-06,680.3527557480772,693.9229769322471,674.682306399239,686.7501220703125,3235426,83.88536129706648
2023-09-07,686.1685828482802,691.6451010445575,682.8244807077733,685.5385131835938,1886439,86.21680853313218
2023-09-08,688.2041657346583,734.7306445448887,685.5870394692873,703.2767944335938,13572298,87.77063410775673
2023-09-11,710.49803358584,710.8857778690293,694.1653261918727,695.376953125,5096622,80.90317803512721
2023-09-12,698.8179273043685,700.1264606629967,664.9408280932704,667.0733032226562,4330553,64.44361189267696
2023-09-13,667.8003060803836,673.3737899209041,659.6581495009482,665.91015625,2241575,60.98637521826817
2023-09-14,676.5724652224952,682.6790530046736,670.4174241963055,675.0216064453125,2678027,64.36915023403807
2023-09-15,680.4012043582183,681.2735402172359,672.6952455488163,674.2946166992188,1614958,57.72110786496808
2023-09-18,674.6823203863187,676.4270513138744,666.8794548759508,668.18798828125,1032981,57.36769243985119
2023-09-20,667.1217801604571,667.5095244382878,654.8116388577122,657.7195434570312,1353493,52.3980756201937
2023-09-21,657.0896262305231,662.4692386705992,647.4935160260248,650.6921997070312,1346593,49.73443962389179
2023-09-22,652.3399284305606,654.6662757626573,640.7083100930171,642.9861450195312,1386201,39.87038997818571
2023-09-25,646.5240975064057,670.9505070255981,646.5240975064057,668.0426025390625,4487685,44.7711450294382
2023-09-26,668.0425600042158,670.2719414696528,659.1734282204003,660.6273803710938,1055108,42.7657495076495
2023-09-27,660.6274011415973,665.4254552220319,653.4060934004851,661.0635986328125,1155826,40.148707586689916
2023-09-28,662.7115245379789,667.2672539506699,649.432080609636,651.4675903320312,1109275,37.722697629162646
2023-09-29,655.3447313727289,662.3721673644765,653.1153497179856,659.9489135742188,846290,33.2709307784106
2023-10-03,659.7549995112144,685.6838110941092,656.0231537491364,681.9519653320312,3635424,45.32562612234489
2023-10-04,678.4625940732778,687.6709582868493,675.7485617163084,682.4367065429688,2562621,56.63456317640051
2023-10-05,684.3268360663345,704.1975161504135,683.9876042172905,697.3639526367188,5547419,62.13990005187277
2023-10-06,699.7872690769971,700.4657919974157,692.0813098867203,697.7032470703125,1644795,59.39003768992782
2023-10-09,687.234787669552,688.2040892036416,676.8147961780885,681.2735595703125,1760290,52.55680662024256
2023-10-10,682.3883083039034,689.7549766039585,681.419006729608,684.0361328125,1371262,55.951967255652924
2023-10-11,688.2041006686841,689.9488316268174,681.8551873469222,682.9698486328125,946589,60.2036683788662
2023-10-12,683.3574774843248,685.9746030601741,677.1054717090908,678.7532958984375,1230285,61.60309716757564
2023-10-13,676.8147887532707,684.8115263217841,671.919827892111,682.53369140625,1018087,66.90137501845479
2023-10-16,683.3575498325796,687.2832090312392,679.7226692483638,681.7581787109375,799567,57.39670368156479
2023-10-17,682.1943972242098,697.3155364171437,681.4674210849765,692.662841796875,2163042,66.64983292084312
2023-10-18,696.297731085332,696.443149979561,677.6386766147592,682.2428588867188,1690083,59.97259412578537
2023-10-19,679.8680915794017,683.1152279198253,669.1088094987534,678.1718139648438,1100204,63.26425555342664
2023-10-20,678.5110208101581,681.903575914209,668.8180062271559,670.853515625,1232956,55.47973649810422
2023-10-23,671.3867566401831,671.3867566401831,642.6469414030445,645.7487182617188,1717013,32.357276789750955
2023-10-25,646.7665868756001,652.3400718880163,631.112340089177,637.8489990234375,1305923,29.735817360636844
2023-10-26,636.2496566162536,636.2496566162536,616.0396807673816,625.248046875,1821947,16.51682253743364
2023-10-27,629.9490955154713,641.2898762223851,628.495143203152,639.1089477539062,1056784,25.829700688897432
2023-10-30,641.3868243459642,645.3609368931129,632.4692385751396,642.9376831054688,988891,32.35165692314523
2023-10-31,644.3432473841616,648.3658727435909,642.5985163126711,644.9248046875,603228,31.865191128659788
2023-11-01,645.6032635357916,649.4320163600589,631.9845890548634,632.8084716796875,840037,28.903405462128788
2023-11-02,637.75196132484,643.1800262948867,629.755223604172,635.1832885742188,1442254,31.387222920709192
2023-11-03,639.7390535429915,645.6517696156931,637.8489035979561,643.228515625,763012,33.799443726629065
2023-11-06,649.9167457290843,653.454720358494,645.9426326934672,650.8860473632812,734713,37.95845956728359
2023-11-07,653.2607529672304,662.3236982611885,649.4320002380111,660.1912231445312,1366389,37.17455754676453
2023-11-08,668.8180036121558,668.8180036121558,650.9343799441464,656.1201782226562,2294522,39.13742868165114
2023-11-09,658.1557589362961,659.0281540044824,644.0039798314153,649.9651489257812,1785791,38.47066935969951
2023-11-10,649.3351166686587,655.3447388075004,645.3609449106679,651.8068237304688,711757,41.84987372385353
2023-11-13,656.2171767301602,656.2171767301602,648.5112172538406,650.4013671875,517232,52.49740362280618
2023-11-15,656.8955653982468,658.1071921386297,653.3091384144212,656.5562744140625,736475,60.23318985722279
2023-11-16,656.217154843128,662.9053592587029,654.9570746498744,658.7858276367188,1042850,70.69377314704971
2023-11-17,661.2180741310092,692.2042858010658,658.8345056841056,688.1668090820312,4894657,75.40447325868209
2023-11-20,690.6476274932296,692.6906520126589,675.9084697834196,682.2808227539062,1714181,69.94868906439552
2023-11-21,686.1724131218921,700.3765000825522,684.4212405869878,689.7234497070312,4324116,71.52407914731941
2023-11-22,689.7720347377233,692.4960873148697,674.2545842805505,681.01611328125,1440191,73.9464094059436
2023-11-23,684.9076339285715,687.2912022010344,680.0432331194197,681.01611328125,1285720,73.3168722337559
2023-11-24,683.9347418934378,685.2967978483117,672.8438844891551,674.0113525390625,896138,65.82794276224035
2023-11-28,678.292068887791,680.2378292349275,674.0113723721331,677.9028930664062,877968,64.45120900130067
2023-11-29,677.9028342356168,690.2584232436512,677.9028342356168,681.5025024414062,1575534,62.14034180046063
2023-11-30,681.0161681112735,690.7449705128631,681.0161681112735,686.6102294921875,2128035,67.16643173241275
2023-12-01,690.7448917541964,690.7448917541964,681.0160904618838,682.2808227539062,1060638,68.57616205391037
2023-12-04,688.7990526320602,704.3651329175306,686.8532925963765,701.300537109375,4528427,73.75859262336725
2023-12-05,705.094921641816,709.1810303386236,689.8206906975009,695.7066040039062,2826160,70.90726266424437
2023-12-06,699.8899779504493,729.5628214353729,697.1658661266101,720.417724609375,10164743,75.16126394767218
2023-12-07,722.6067612061894,741.5779249133865,712.1482991624781,737.2485961914062,7412553,77.72425971390959
2023-12-08,741.7724674761686,748.9717448149092,719.15300443898,729.2222900390625,4842223,67.08496037444763
2023-12-11,730.5844277925007,745.7613357780713,729.6601796889153,741.4320068359375,3619579,73.38459704627198
2023-12-12,745.6154276128719,765.0730320977601,742.6480954250093,749.7014770507812,7248708,73.55746825538378
2023-12-13,753.3983384614387,760.3543952278417,743.0857742488988,756.85205078125,2986173,80.15471298445492
2023-12-14,778.2555202400831,778.2555202400831,764.1973896118556,769.5968627929688,5071262,81.98101994126962
2023-12-15,775.3855005133097,775.3855005133097,757.5331730301112,759.6734619140625,2894186,80.2889462852723
2023-12-18,763.564970512828,865.2309473245374,757.9709095877819,855.3076171875,36365109,88.04505721682234
2023-12-19,857.3020557407522,891.64471539045,829.0885295581847,858.1776123046875,37499776,88.00752838309144
2023-12-20,862.6529028150723,865.8633956645909,783.4117970324852,793.0433349609375,17968498,68.19694356463911
2023-12-21,785.1142204146271,850.7836254678951,780.1525557847796,844.703125,25159581,73.90122913457608
2023-12-22,851.2700757023084,862.8473724838151,830.7423296287566,837.552490234375,10046698,70.77587519465006
2023-12-26,841.5413685811249,859.9288280165316,835.704087411776,846.211181640625,6342848,72.73662906222482
2023-12-27,851.0755853468686,860.7071230591674,835.6554579603011,843.9735717773438,5028695,70.02523905082809
2023-12-28,850.2485684968104,851.270080717694,838.6712716470944,840.71435546875,3578585,67.54081187290606
2023-12-29,842.5141690966109,870.7276920802157,835.7526405055968,863.4310913085938,10705182,71.6732123626424
2024-01-01,867.8091637940415,891.9852137195289,863.9176428801669,867.6632080078125,9040913,70.92404555639774
2024-01-02,871.4088664364775,878.8027327086999,843.2926029872996,862.16650390625,5242381,68.81512212904089
2024-01-03,862.2636176324452,885.3208877949507,862.1663533747528,874.8624267578125,6852189,69.38320046836905
2024-01-04,879.3864016635331,887.2667072191142,870.9709645152543,877.10009765625,4427039,68.28865314842824
2024-01-05,880.4565984062002,898.4062503270352,869.8035481296156,881.3322143554688,9811302,71.105508642825
2024-01-08,889.4071145955749,903.8057300661827,881.2835290795285,891.693359375,9604429,58.9645390753477
2024-01-09,899.9142548379895,901.5681631823203,887.2668112564826,893.8823852539062,4254653,58.826381963000784
2024-01-10,895.049743619292,918.8853074439362,882.7914774042891,916.1612548828125,8474409,88.61765768966869
2024-01-11,923.263201927836,925.9872542935843,912.5615209781982,914.7991333007812,6012001,82.12213343327916
2024-01-12,919.9554002566128,935.9106576736917,915.8206598251023,925.403564453125,6044161,89.02328461540964
2024-01-15,934.9378497581245,949.968860363305,925.2576801245043,941.164306640625,6618736,89.67474964066793
2024-01-16,943.6938412627082,945.1531616357948,909.7889883466206,923.895751953125,5464749,79.66775252860526
2024-01-17,919.2744634734553,924.7225684784471,906.7242859778146,909.35107421875,3782327,73.5088115396676
2024-01-18,909.7402350963464,918.3988924743866,846.6976111329817,902.1031494140625,6557942,64.81551543766594
2024-01-19,909.6429080379852,961.9838463785245,908.718660052236,957.1194458007812,14486659,74.67129371991312
2024-01-23,1016.7084872792751,1018.5082918738889,901.5194493467494,909.9834594726562,15704924,60.72439306516635
2024-01-24,915.966676728098,950.5039226376546,884.44533558263,944.2774658203125,8909650,64.1933557938498
2024-01-25,949.0932164799881,963.1027143627695,932.992061906998,943.985595703125,6428039,63.78583480225977
2024-01-29,957.2168511347986,963.0541323262785,946.2719489007739,955.1737670898438,3870322,64.79530764877123
2024-01-30,959.6003056530227,959.8922171999444,935.0837735442168,937.9050903320312,2502690,59.009843399063094
2024-01-31,942.623532511393,955.2709735412957,938.8292764504671,950.6984252929688,2254800,60.63749017241694
2024-02-01,961.6920687623486,966.5564697171404,932.0678550716874,937.1754760742188,5130192,54.06779753132278
2024-02-02,942.6722237238012,959.5516704043331,937.759190891764,941.2615356445312,2803549,55.06896580751306
2024-02-05,945.54221278666,946.4177692671025,915.6261490837923,920.9769897460938,3260389,49.18239515549542
2024-02-06,924.2362084891381,942.1372282792021,914.0209661847845,939.0726318359375,2521842,49.61696366978088
2024-02-07,942.7209035389459,946.2232484688666,922.582271742166,928.8573608398438,1956892,50.932684397663564
2024-02-08,931.6299804555822,932.5542284468454,916.2584864141844,918.7393188476562,1638646,51.79467206984493
2024-02-09,923.3605299453964,928.5168422629188,891.1582206161369,913.680419921875,2482688,52.231808155003144
2024-02-12,916.404461661762,921.3174945030385,869.7548469754133,875.6893920898438,3029950,33.19952389731253
2024-02-13,875.689383033528,889.893468588213,853.2158757369956,885.7587280273438,3906213,44.09952569997312
2024-02-14,890.6718343908403,908.6701183190004,872.965402650401,904.0003051757812,4480920,39.3573589904618
2024-02-15,912.9993608749373,941.7479565570809,909.8375004836041,925.6954345703125,4532823,45.65819747662956
2024-02-16,931.0462756973476,933.8189602899448,911.6859375395637,915.1397094726562,2036667,40.467909752373
2024-02-19,916.4531520134705,930.8031350200507,914.0695836380933,921.2689208984375,2063916,45.81704684584642
2024-02-20,921.7066950052906,929.0032962660042,918.6420987238338,926.0846557617188,1723035,43.552525385596304
2024-02-21,926.814298614083,933.5271360208916,897.0927625288037,900.643798828125,2291737,40.99304556304394
2024-02-22,902.930097548603,913.7777356228339,892.2284152575717,910.275390625,1724197,42.56365561881772
2024-02-23,921.609375493865,944.6666474571077,918.544838578557,938.6834106445312,7709557,54.08988377535541
2024-02-26,940.726457925099,963.054068887718,937.856449652363,942.1371459960938,7397592,50.759204000862496
2024-02-27,942.6236602544346,947.5853255789162,922.4363958748016,926.91162109375,2829201,49.5296382911229
2024-02-28,927.154759675514,933.6244362625616,895.049715531451,898.9898681640625,2972449,45.60416316281258
2024-02-29,897.9683272695252,908.621376180824,887.6558220192521,902.2490234375,3232361,47.43504764742875
2024-03-01,908.6700215314274,912.610174095709,901.8598607704853,904.0974731445312,1305118,57.60811998336616
2024-03-04,909.4483561038073,920.1986699297722,898.8926301846252,912.5615844726562,2010812,57.240470314497095
2024-03-05,912.5615517513627,915.7234121385609,903.4651463893792,910.4212036132812,1167131,51.89979347872412
2024-03-06,910.6158381321751,911.5887183011197,886.8289061255002,903.8543090820312,1888149,42.90232583232475
2024-03-07,906.3350998373955,920.7824053078607,904.9244711613974,911.7832641601562,1565514,48.89031666494473
2024-03-11,911.7832671216788,934.9378022739205,905.8000305872204,913.145263671875,3587812,47.2267991489
2024-03-12,913.5344741098473,915.8694102556955,890.6717902529982,895.9739990234375,1570749,40.520669246327365
2024-03-13,900.0600082272005,906.237772835423,845.4327692903732,856.766845703125,4244094,37.288600126321825
2024-03-14,851.3187066675725,880.796961372784,839.3522934957407,874.3759765625,2731461,40.05922792101952
2024-03-15,874.6192912564212,891.3042102753953,853.2645591990425,887.753173828125,3393550,34.616540388630824
2024-03-18,887.7531574018858,897.9197670804394,879.4836759356764,893.9796142578125,1605008,35.69366451924071
2024-03-19,893.9796674302884,893.9796674302884,875.5922073245148,881.8186645507812,1737458,36.35563123417505
2024-03-20,881.429458885694,891.6447009588725,858.8586264289776,877.440673828125,1978201,42.396195060849905
2024-03-21,888.2395759984497,918.3015963532017,885.5155234573463,909.3997192382812,3688075,52.098209312663045
2024-03-22,913.437244911434,915.3830053143726,901.3735066612574,903.5138549804688,1554947,49.83271413185947
2024-03-26,903.5138678652121,911.3455417227457,895.1957539000068,903.5625,1707716,47.28979012927084
2024-03-27,905.7027995965676,914.7019411040766,901.2762067310148,904.7299194335938,1511283,48.275879921395244
2024-03-28,908.0863627947941,913.923643740002,899.9141457195461,904.4866943359375,1729773,50.19920747686552
2024-04-01,904.8271911933256,946.5637742826015,904.7785590607525,943.8397216796875,4502891,58.4292838784788
2024-04-02,944.6179390349747,984.8465071652219,937.9536747639198,976.5770263671875,8068586,64.31708849250302
2024-04-03,975.7987959715655,1009.8009099025531,965.1943785246035,987.1328735351562,7346168,71.20869121429746
2024-04-04,992.3377292831159,994.7699295999863,967.0914781180232,971.080322265625,2790135,79.80722587840754
2024-04-05,970.9344750985755,983.5332860251827,966.8969983690023,975.750244140625,1970844,78.34606268465978
2024-04-08,977.74453412667,998.1750169293169,970.9343731924545,987.2787475585938,3002278,78.11985350188641
2024-04-09,991.9972621263587,1002.9421637413365,978.8146886772945,983.0467529296875,2439829,75.45178400876813
2024-04-10,987.1328830664589,1001.580129763248,985.9167828603355,995.2564086914062,2728295,82.40689593603446
2024-04-12,995.0132531665395,1039.8144351689357,989.2732360694988,1028.966796875,10944073,87.07453064789078
2024-04-15,1016.611090344949,1019.8216424231508,991.3162652001566,1001.5801391601562,4729372,73.07036635573864
2024-04-16,996.812970740438,1008.7794440029462,978.9606438687996,988.884033203125,2760799,70.66161544390776
2024-04-18,994.6728204516911,1005.4717677906614,961.2057151206322,966.021484375,2259164,63.61324800309905
2024-04-19,963.1514075494582,978.863446687198,944.1802434613628,965.09716796875,3556149,63.171301481306486
2024-04-22,977.6959084098369,980.7118130913894,968.0157391424342,972.9287719726562,1465887,64.45447816775757
2024-04-23,977.7446245310883,991.9973435560623,971.7127552699421,988.7381591796875,1744634,60.5293171265151
2024-04-24,995.2564189151784,1000.0721282769823,989.2731820876313,997.5426635742188,1689611,55.53843598892639
2024-04-25,1002.0666195313916,1009.8496612364897,994.770017932862,999.9263305664062,1586884,53.53211745055561
2024-04-26,1006.2499951905678,1030.2800875956361,998.7587467161072,1016.1246337890625,3367252,62.426184350543515
2024-04-29,1023.4698949675616,1039.0359770203002,1009.509088878468,1016.9029541015625,3571796,61.601727579324105
2024-04-30,1022.0105650313064,1029.0152543843437,1006.152571587356,1010.5792236328125,1889199,56.767445776938686
2024-05-02,1010.5792266684849,1047.2567597618308,1008.6821579346079,1027.6533203125,3702221,62.05626655844906
2024-05-03,1032.4203550167124,1046.429852756887,1012.7682237315972,1023.9076538085938,2504576,58.115153015500695
2024-05-06,1026.3886080049679,1028.5288969348064,979.8363143227668,994.4781494140625,3652645,39.98868934608688
2024-05-07,997.202120177639,1001.1909049063936,960.4758957515845,966.556396484375,2314924,39.86484791858377
2024-05-08,962.1784023456596,988.446164593721,962.1784023456596,980.1280517578125,1871931,47.47897358034324
2024-05-09,981.6360964559748,985.9654251101786,956.0493597325559,959.3571166992188,1962409,48.057799450081305
2024-05-10,961.5460931785411,976.7230594728561,956.3412080160671,968.5508422851562,1307761,50.960224297263785
2024-05-13,972.588234159212,972.588234159212,947.0987640219353,963.2972412109375,1422203,47.28320172549565
2024-05-14,967.2860933333428,1004.5474507438868,966.7023889927676,998.8074340820312,2536531,52.55617701589749
2024-05-15,999.1965893653127,1011.6980753382177,992.5809569486327,1000.753173828125,1328038,50.844422726033706
2024-05-16,1003.0395588175945,1016.3679710186227,1001.1910625518099,1012.2819213867188,1662931,53.100587358467564
2024-05-17,1012.8657022355001,1070.1683782405223,1010.9686330689058,1064.0391845703125,6852207,60.20305460504221
2024-05-21,1078.9240962442111,1091.8634498617841,1058.0558643392537,1085.2965087890625,4808902,63.395585300145456
2024-05-22,1090.695876365908,1106.067429731797,1076.054101848184,1095.4630126953125,3646850,66.37881895602247
2024-05-23,1098.3817202177968,1108.0132577254283,1086.317982266813,1091.6688232421875,2440066,63.01938899997368
2024-05-24,1093.517289065085,1093.517289065085,1076.9783265080507,1078.9727783203125,2116118,60.80567776961465
2024-05-27,1085.8314002668276,1089.382436201981,1065.3523464661587,1071.3841552734375,2681079,66.50653067683656
2024-05-28,1075.0326634737464,1077.5621283417256,1048.521676976317,1053.7265625,2907482,69.5719001432883
2024-05-29,1017.7299293161111,1032.517779261052,999.2938974675359,1014.6167602539062,7214522,56.94691794084345
2024-05-30,1014.6167581474996,1025.2697485586593,992.8242184779468,997.5426635742188,2329426,57.807837189961354
2024-05-31,1007.3200542662439,1009.6062986924892,970.9343156782503,992.6781616210938,4783658,55.02225126832484
2024-06-03,1055.5263097373293,1055.5263097373293,1010.0441610659359,1025.658935546875,3598463,61.63762350254728
2024-06-04,1027.3614137215973,1027.3614137215973,822.375559164615,887.3153076171875,11464052,34.96457633254212
2024-06-05,919.3717630079803,919.3717630079803,834.7311880008964,893.9796142578125,8798437,35.781853470136156
2024-06-06,917.3287149789666,958.1409896693187,900.5951645632655,946.9042358398438,5451521,42.1586787991479
2024-06-07,951.4768015842735,955.9520265923242,938.8293594364253,951.2335815429688,2476737,34.733361847690716
2024-06-10,963.1513425924019,963.978266962873,946.2232043342757,951.3795166015625,2242074,30.777831238494798
2024-06-11,958.3841805373008,1007.9038022979089,955.9519802421804,992.3863525390625,8695834,36.40796202488857
2024-06-12,999.1478736383505,1005.9580344129059,987.5705765696504,999.0991821289062,4385975,37.88669217445976
2024-06-13,1008.8766929675778,1008.8766929675778,986.0140099543299,989.9541625976562,1996303,38.24209396483046
2024-06-14,996.2293020418364,999.8289111956898,987.1328961315954,990.5866088867188,1511522,39.1281830845745
2024-06-18,991.3650522422853,1010.4821744010775,991.0732000204516,1004.4016723632812,2486989,43.29367823789505
2024-06-19,1007.7578853279495,1008.8767212587372,975.701531707972,987.1328735351562,2550530,46.0272860732334
2024-06-20,989.7596692933629,999.1479871799726,979.8849706760459,988.05712890625,1694557,48.56174463390107
2024-06-21,991.1703399784665,1017.6326934037594,980.8578335678244,984.8466186523438,5664314,48.8065469890034
2024-06-24,992.3376927025333,1009.8008428300055,980.273955823606,982.8521118164062,4131226,42.7963285820842
2024-06-25,986.5004339500965,991.1702466135273,960.3299351752041,968.1129760742188,3163136,73.28280417482897
2024-06-26,972.8801660733027,975.5555865300043,961.2056040804231,963.5891723632812,3137677,70.3093586135936
2024-06-27,964.1242726271871,975.1664390814034,956.6817153882483,964.3674926757812,2402997,57.323544649055094
2024-06-28,968.6968421939877,980.1768168578824,961.2056526606331,962.4217529296875,3777772,54.78768611321074
2024-07-01,963.1513874778738,972.1505292295609,962.2271394219919,965.924072265625,1815971,56.050168837433674
2024-07-02,968.2102888965259,986.9868629796483,964.172812723313,979.3010864257812,3155918,42.932213682274835
2024-07-03,980.0794275820641,982.6088920671132,973.9502355038734,977.0148315429688,1904860,37.472457618316255
2024-07-04,982.4143527683916,989.3218373852103,975.4096038896014,978.7660522460938,1498265,43.07232512823148
2024-07-05,977.7446158567702,1006.3958906782086,975.8474875619644,998.36962890625,4670941,53.902416482588976
2024-07-08,1002.0665024041058,1023.2266445665226,999.9262136892896,1017.243408203125,6083179,56.12799651424854
2024-07-09,1024.2968725281817,1026.3885886646217,995.4510108538374,1000.0235595703125,2638133,56.15423034312585
2024-07-10,1004.4500792432644,1009.1686430531889,966.7996643469504,994.1375732421875,2295822,52.77159839171508
2024-07-11,1002.3098345813305,1013.5466484908906,999.0992823900873,1001.48291015625,2328069,57.30771891198586
2024-07-12,1003.0394419161614,1030.717834880254,994.5267405419942,1014.7626953125,4997763,62.75279449048875
2024-07-15,1018.4596106316458,1018.9947422439926,1006.979695561182,1009.7523803710938,3052646,68.04394744080744
2024-07-16,1013.7411310994822,1016.6110800799667,996.7157282259304,1001.0936889648438,1242326,65.689878285311
2024-07-18,999.974777664024,1000.8503934977757,976.8688755055091,982.8521118164062,1850857,56.74712516664409
2024-07-19,985.1871324490879,987.4247449744358,958.2869718724866,962.2757568359375,3195475,49.95308972413934
2024-07-22,963.1513301873059,984.5060609497602,944.6666076887617,978.9606323242188,2819852,53.86166345631273
2024-07-23,988.1543959240528,988.1543959240528,914.5559876557652,946.51513671875,5290749,41.27397822381072
2024-07-24,948.2663473288775,961.4488622256355,942.3804339668449,947.7799072265625,2446557,42.17654896931379
2024-07-25,944.6180548319057,946.2232715556623,928.1277233430702,942.8668823242188,1573736,40.553019965204165
2024-07-26,949.5309644801013,964.4646500568034,946.5150599637283,957.4599609375,1990326,38.94290981891991
2024-07-29,963.1513846075426,973.6584787454642,958.5788358551441,964.5620727539062,1761942,34.79362817589639
2024-07-30,967.5294050256309,970.9344858879634,961.6434914110071,962.7622680664062,979935,38.19359754623533
2024-07-31,963.1514181056107,967.4321148269275,958.7734571142216,960.8651733398438,994897,39.184091178745284
2024-08-01,963.0540322148332,968.0156969598579,949.5309751083631,953.908935546875,998861,34.49583599542663
2024-08-02,946.3691714869324,950.017472070922,937.5159858217409,940.19140625,1102487,25.766663572482074
2024-08-05,919.3717365481285,928.1276578485869,896.1685688538705,900.4005737304688,2629317,21.01596983468481
2024-08-06,900.4006047337755,921.0743085161555,891.0609787769871,894.2228393554688,1708694,21.296049184702966
2024-08-07,902.6868282842903,908.7673292545189,896.3144751434693,905.60546875,1174614,28.45901710773512
2024-08-08,905.605476799291,914.4100897863538,898.5034634789176,900.6924438476562,1150268,31.1830928864038
2024-08-09,907.2593230558123,910.2752869860227,900.8869702931077,901.8112182617188,569574,23.948707633179367
2024-08-12,901.324836789467,907.9404100064904,890.2339792051241,899.3304443359375,1267706,30.02467091663773
2024-08-13,904.5352814033334,906.1891894647221,886.5856315151033,893.541748046875,1973513,27.88568738079786
2024-08-14,902.8328486611174,903.8057288859677,881.7213359058857,885.175048828125,1764250,27.121852939596096
2024-08-16,890.088052927916,900.7897343367426,886.5856488389111,899.6708984375,908032,27.06561043007794
2024-08-19,900.8870651749623,915.1884159905438,900.0601407569434,912.269775390625,1252866,30.11466208779605
2024-08-20,914.5558955076638,916.8421992940466,901.2761182152335,905.7513427734375,1191423,29.071368683602856
2024-08-21,904.8271834847749,913.2426206444741,902.5895709864405,909.4483642578125,943091,31.371141548391606
2024-08-22,909.6430093177045,916.7450230759703,907.0648529724924,913.9237060546875,841250,35.24772157759247
2024-08-23,913.5327638745908,916.5615652274948,900.8312388153719,902.1013793945312,1246894,35.74763228271469
2024-08-26,906.4980316834142,910.2596728397507,903.86001079163,909.6245727539062,765618,54.550145965006934
2024-08-27,912.0672536686366,912.0672536686366,903.9089898219669,909.0384521484375,707733,57.73517758095776
2024-08-28,909.722272361479,917.9782754846938,904.2508700966449,905.7164306640625,1063625,50.06325704908997
2024-08-29,906.1073394829505,907.1820601271512,893.4058136007179,901.857177734375,1360184,50.67206487998765
2024-08-30,903.7623973573242,926.2343272375604,900.6358560559196,911.38330078125,2984431,55.03471965842148
2024-09-02,917.3920570331106,917.3920570331106,906.6934531750267,915.48681640625,1054893,58.35529164893798
2024-09-03,916.4151155142458,927.2114007191436,916.2685355910583,922.4727783203125,1573400,64.77871492905683
2024-09-04,912.6046313428337,919.3950744785514,910.7971303421785,917.6364135742188,1562616,67.20255757883916
2024-09-05,918.418083685285,930.679930216234,917.2456231410503,923.5475463867188,1929930,63.91969740639133
2024-09-06,923.8894576350604,926.4297986732516,904.2021276666258,914.9984130859375,2639602,51.66958711834327
2024-09-09,906.7423111344923,911.3832529313147,897.8512675456839,905.7164306640625,1435727,49.97933693227138
2024-09-10,905.8140572612235,912.2625591566606,900.8311754803115,908.7451782226562,1256105,49.58049408555284
2024-09-11,905.7164527775309,912.5557355924637,898.974850149286,902.0525512695312,1272594,43.10045257472378
2024-09-12,904.3485704340792,911.4810130615055,898.8771680473167,909.966552734375,943329,54.788818966343776
2024-09-13,914.5586400490788,935.1253282174944,913.5327595720438,915.38916015625,2599598,53.6019849875023
2024-09-16,915.9754458322201,920.3232878752007,906.400461098551,914.265625,1136823,53.2443936641093
2024-09-17,917.9783756912952,917.9783756912952,907.1820902595581,911.6764526367188,828569,53.73321945591162
2024-09-18,908.6475605382417,911.4810015160258,880.5576493925703,884.7589111328125,1847560,41.69038683551393
2024-09-19,887.1526647631443,893.2591671362387,846.1658089081728,863.3617553710938,3593230,29.076213711777058
2024-09-20,867.7096220490602,876.4053061306394,861.456598788954,873.7184448242188,1955170,32.741291241230456
2024-09-23,877.6265403380215,891.6959459681877,874.499999127561,889.3021850585938,1325815,37.203140754219916
2024-09-24,891.0609224844153,898.3887261232675,889.1068415140547,890.767822265625,1174611,39.35760001508548
2024-09-25,893.014943573379,893.014943573379,876.405256439082,880.5576782226562,1074569,33.53291425236878
2024-09-26,879.3363131009615,888.1296762319712,873.376390832357,885.9313354492188,1365404,38.58836846748882
2024-09-27,881.3392643503267,906.6934741811859,881.3392643503267,903.6646728515625,2305800,49.244614145597836
2024-09-30,898.8772120930789,911.2856377085185,898.8772120930789,907.2308959960938,1988164,49.44469164606736
2024-10-01,903.7624176043438,912.5557816675212,899.121475459889,909.771240234375,879838,52.91945981809561
2024-10-03,891.0609185102189,901.6129437763393,860.0887233413785,866.0487060546875,4255223,36.929392744909265
2024-10-04,866.0487238588988,873.1811075887676,848.1199948869345,852.7120971679688,2313592,32.18554631458535
2024-10-07,857.0110161875185,860.5283377964594,823.938162655984,838.007568359375,3166651,29.878855576212246
2024-10-08,834.392527416301,857.0110372296485,832.3407663663445,855.008056640625,1054400,36.10446357935835
2024-10-09,856.8644548329776,867.2210595099299,852.9074530287559,859.3558959960938,1230532,42.995708261403266
2024-10-10,860.3328840369445,871.5200081762836,860.1863637620448,862.3847045898438,914176,49.7002370688848
2024-10-11,859.7955789049269,874.1092450663589,857.890338138545,868.7843627929688,690607,48.44853409117952
2024-10-14,868.7844292168859,872.3017511823463,860.8703653438702,864.6808471679688,802776,41.65566903002085
2024-10-15,864.6808187832578,878.3593854080776,863.3129382672486,874.7443237304688,1234903,44.8685777816175
2024-10-16,873.3276238627002,879.7272868212423,867.2700204920127,872.1063232421875,716022,47.1555564502909
2024-10-17,867.6118299890666,872.4970317345004,843.1858212618969,851.7349243164062,1864160,39.54601125343973
2024-10-18,849.390038618486,863.557124263904,842.8927558096682,860.7725830078125,891309,36.15143044973207
2024-10-21,859.4536658287434,864.3877082326511,831.6568527717635,839.0823364257812,964444,30.302188845623505
2024-10-22,839.0823352295079,839.0823352295079,809.9665414445143,812.3114624023438,1690141,25.29106230817773
2024-10-23,808.0124931113102,820.5674396767428,795.0178663943251,809.6246337890625,1551853,31.93619638806777
2024-10-24,809.6245882589037,823.6450947851723,808.1590275920262,811.0901489257812,739626,35.57886375824961
2024-10-25,811.0901567096519,813.7281182282945,779.7759624531329,793.4545288085938,1429801,34.870598691167515
2024-10-28,793.4545118418007,811.1389794606387,790.4745504477033,802.1990356445312,903462,31.001755292776423
2024-10-29,802.1990623566903,807.4751047244742,787.9831355089283,805.9118041992188,849115,30.68502868477104
2024-10-30,805.130140461163,837.2747939045956,800.1960983019371,820.1277465820312,1597691,35.8706415270543
2024-10-31,820.1277660156958,825.6968487950911,797.4115758736057,802.4432983398438,1241687,29.374227671157172
2024-11-01,806.4980991102838,814.7052035957154,801.3197963455793,812.6534423828125,353630,34.41616065294326
2024-11-04,813.8746550134039,814.2165953006404,784.0260826536606,797.4603881835938,1622214,27.541183306597915
2024-11-05,776.7470951431444,812.6044886947539,773.9136542129969,810.0641479492188,4430786,32.957578159658055
2024-11-06,815.8286991890408,843.4789294024581,814.1677186531513,837.66552734375,3702637,46.28290811447804
2024-11-07,831.6080438247258,837.4213870814588,821.8376388435686,824.6710205078125,872399,40.6574094958658
2024-11-08,821.6910132055884,825.5503348852197,810.9435683241836,813.3861694335938,899276,42.97166938669758
2024-11-11,809.0871574281114,823.449663697152,803.2738145680513,817.001220703125,730959,51.46877732321129
2024-11-12,816.805803306554,824.4267067694932,791.4027520075463,793.014892578125,1007697,45.41035198084091
2024-11-13,791.109606319449,798.5350893417848,778.2126613977705,783.0001831054688,1223260,42.58828493390709
2024-11-14,785.5532620299794,793.6542800446634,776.715787832142,785.1604614257812,845850,47.61694489143412
2024-11-18,787.4189950801459,796.2564695033442,772.7880412285564,782.7056274414062,1009781,44.18912260809382
2024-11-19,781.6254917483915,800.9206676221471,781.6254917483915,785.6514282226562,774201,43.93275078265625
2024-11-21,786.8297588238336,786.8297588238336,768.8602402902317,779.5142822265625,1176124,37.21933026095261
2024-11-22,778.679660377011,795.8145526581532,777.2558331223911,793.9979248046875,704780,47.28768115743168
2024-11-25,805.192116070367,811.6729066899447,795.7655006358976,797.4347534179688,1214000,44.890045278728344
2024-11-26,799.7914516855386,807.1560138557554,797.3365976287997,800.2333374023438,746418,51.01560061984007
2024-11-27,798.318502022411,815.9934504066711,797.3365604455078,807.7451171875,1161326,49.11774089655823
2024-11-28,807.7451220622485,812.3602594881381,796.5510239777685,799.6441040039062,1145818,33.01482998279515
2024-11-29,799.644128455749,808.0397771920319,795.3727064130112,801.2152709960938,1333757,38.330706748652545
2024-12-02,800.2823976702435,804.8484500473124,794.4889183028829,801.7553100585938,985235,43.52093252875392
2024-12-03,801.7553448778086,819.5284644959142,801.7553448778086,816.828125,1104201,49.91449105291786
2024-12-04,817.9574251484628,823.8490752695802,810.3964621731026,817.61376953125,1153943,65.7656240953977
2024-12-05,817.9573418326229,826.3038453207108,816.3862592668719,821.73779296875,1345367,76.85501826647473
2024-12-06,821.7377818070067,828.66051784652,814.2259647295361,815.6006469726562,1312492,70.0
2024-12-09,815.6006594712084,825.4200753566453,814.8642032798006,818.6447143554688,970147,73.43149614320596
2024-12-10,823.5543993763625,832.4409585187535,818.0064055823236,819.9212036132812,1006094,72.84030870515338
2024-12-11,822.0814592043632,841.5238894716088,818.3009483619,840.0018920898438,2301272,83.99558173279775
2024-12-12,839.5601446618185,844.1752825898272,820.9523376561127,824.7328491210938,1281101,67.12264859876515
2024-12-13,819.9703585485613,824.0945254435395,805.3885490956673,820.3631591796875,1034298,62.6421769128722
2024-12-16,819.9212048810739,828.6605087625697,819.9212048810739,827.2857666015625,729632,64.26722375837328
2024-12-17,824.6345648580955,827.2858192327332,810.1018407916972,811.8693237304688,762025,52.007677611621
2024-12-18,810.0526949734431,811.8692628707082,795.3726567905328,798.3184814453125,724323,49.38719771119657
2024-12-19,790.4629958590349,793.6543060907638,783.8839750870324,791.0030517578125,808692,45.51721957605191
2024-12-20,788.4991127040913,798.0239583061623,766.8963972875408,770.0877075195312,1390018,38.20839363504796
2024-12-23,772.5916274361097,778.2377915523788,763.1650121890872,773.9663696289062,1084917,32.588713024566076
2024-12-24,773.1316537260584,778.6305623537887,765.3252663670202,774.5554809570312,834321,32.480904410051934
2024-12-26,773.8189906698116,777.894071886853,764.4414612880008,768.2710571289062,827630,28.621854834419253
2024-12-27,763.2140953497203,771.8060842005534,763.2140953497203,765.177978515625,636165,29.33597472666831
2024-12-30,765.178012647878,767.5837816200169,751.2835146561279,755.0640258789062,2554813,25.370795421552515
2024-12-31,754.0329301354135,775.6356439465466,753.1491587790488,772.6898193359375,1077161,33.76092535816288
2025-01-01,770.8240906349993,780.2998502446493,770.0385494082041,774.6536865234375,581539,24.33466182827945
2025-01-02,770.8241428497679,781.6255002654972,769.8422012665199,780.152587890625,809623,31.035832885454724
2025-01-03,776.7157657191208,789.9719766384736,776.7157657191208,781.9200439453125,862604,33.276282320204345
2025-01-06,781.6254847515501,788.449990606261,751.185296275045,756.4386596679688,1421671,23.46444755042687
2025-01-07,756.0950740993851,769.2531162452087,756.0950740993851,761.3975830078125,676868,29.489230549433216
2025-01-08,758.1571108532257,761.986707195045,748.0431240200899,755.9968872070312,783013,31.581212223922847
2025-01-09,756.2423844699333,757.1751810895208,748.2395360624844,750.0070190429688,607785,31.949848193396605
2025-01-10,758.844468763775,786.2897489141516,741.6604904859134,765.079833984375,6281464,47.675490561045116
2025-01-13,765.07979774633,765.07979774633,730.3190422175168,733.363037109375,1644645,35.023528039813286
2025-01-14,734.4923531064418,750.8907906236192,734.4923531064418,744.0662841796875,1291155,39.53492659459155
2025-01-15,746.2755648755386,756.4877807891228,741.4149423019294,745.8336791992188,865946,42.052173461842806
2025-01-16,754.1311544081465,759.2372627527102,748.2395047643329,749.4178466796875,1389758,44.43676003440317
2025-01-17,750.203381952315,767.7801605550096,745.3918441420027,765.12890625,1489997,53.41779350933648
2025-01-20,766.8963787966437,786.2897251234475,761.2011295834652,776.81396484375,1405314,51.45934103527903
2025-01-21,777.6486332915646,783.098396983037,767.1418465742918,768.565673828125,873078,47.937470275635334
2025-01-22,768.9584626892109,770.1368046259944,743.4279804350642,756.7333374023438,1097030,42.39237026318722
2025-01-23,756.6841667011945,783.0002493089593,752.9528006387819,780.8399658203125,1235738,49.69360992471143
2025-01-24,784.7677201339129,788.0081153506324,770.1367666669922,773.2789916992188,1303909,55.31783422647476
2025-01-27,765.079893134939,767.9274880813646,731.5465603869679,734.1978149414062,2669886,42.93367558089642
2025-01-28,743.3297547958026,745.5882083786041,723.0035526846763,736.5052490234375,1371367,44.853482232442346
2025-01-29,735.4742823766115,750.7434627677982,735.4742823766115,748.63232421875,699239,49.64842365862302
2025-01-30,750.2034311943397,770.8242061355454,749.2705746270735,764.9325561523438,2153478,49.9625688938666
2025-01-31,768.7128955099189,813.833120372857,761.0046785455744,807.4505004882812,3111982,67.84956036681146
2025-02-01,816.6317530145736,816.7299232010777,772.8862069274095,780.3489990234375,3990832,58.101305844546985
2025-02-03,773.7699842437431,773.7699842437431,745.0972774095404,758.6972045898438,1830063,52.63796112625906
2025-02-04,760.1209590370465,771.8060879034241,760.1209590370465,767.7801513671875,1037714,53.68255920532084
2025-02-05,766.8963613213314,783.1474822154929,766.8963613213314,777.5995483398438,972279,52.56151900625815
2025-02-06,777.5995758966359,780.545400692406,767.878330097411,769.6458129882812,630878,48.504712759144454
2025-02-07,766.8963927204397,772.9844426518033,754.6712077641047,760.1209716796875,616852,48.24775457064553
2025-02-10,756.0950146261121,773.1316770214524,753.3455901958814,759.7282104492188,1491971,50.65239693516502
2025-02-11,763.754208631578,763.95060894952,730.8591631305383,737.3890991210938,1244409,40.461299135633574
2025-02-12,741.3658974487201,750.8907428197523,709.0109102026115,745.4409790039062,2623575,43.90190813219748
2025-02-13,745.440970415169,758.0588956770246,731.5464731598229,732.8720703125,1038398,49.671421755537544
2025-02-14,737.4381099662598,739.156507692546,713.2332265913884,719.370361328125,937949,45.97647610519425
2025-02-17,711.9076626316186,719.3703948460214,702.431902183407,712.3495483398438,1010707,41.270942809306305
2025-02-18,711.9075900423419,715.3443853046152,696.4910964506964,706.2123413085938,1091654,35.14649829429099
2025-02-19,704.0521429474726,718.7812672769177,698.6514640266761,715.1480712890625,785782,21.873136618526416
2025-02-20,711.2040653944138,726.48711433407,705.9782606963801,725.205322265625,811604,31.248505648648106
2025-02-21,720.1273799581985,733.4877708489834,714.359285575583,720.8668823242188,1034460,35.41900151029684
2025-02-24,712.9295544841445,718.007494700017,706.2247452045862,710.267333984375,811313,28.088908400759337
2025-02-25,706.4218811391905,714.2112689484896,695.3293470790202,700.4072265625,890830,20.600578820739912
2025-02-27,700.407275120801,704.6964246966038,682.3141423828457,684.6312255859375,1401348,19.442144544850237
2025-02-28,680.2435472094359,682.2648414820509,652.2903238550389,661.5587768554688,2521717,17.716686078521448
2025-03-03,663.6293398851926,671.3694999259257,646.8672880574485,667.129638671875,1528561,20.66509480112626
2025-03-04,665.502791352747,671.9610994951431,652.9312520738575,664.4181518554688,1320164,23.59996961544101
2025-03-05,663.6293404424376,686.2088343487575,663.6293404424376,685.4200439453125,1044963,30.145557345281475
2025-03-06,689.9063540701239,697.2027406156811,687.2441337682803,692.5192260742188,867497,36.15043163312546
2025-03-07,691.9276579235068,701.7384005565264,687.096218783371,690.8430786132812,1087031,39.344129240828686
2025-03-10,693.209442523524,698.5831712617073,678.2221839055924,680.0463256835938,845259,38.264729620661825
2025-03-11,673.4401247920089,684.2861590126709,665.5520999042548,681.47607421875,814316,40.69544638687735
2025-03-12,682.3141369815257,689.3640831339504,676.4966946892555,688.4273681640625,645844,39.79667558522193
2025-03-13,689.2161379772787,693.6531517410809,677.9756790366395,679.4053955078125,810061,32.371881310556674
2025-03-17,679.6519529131334,687.1949010125498,678.1729482019424,680.9830932617188,717347,34.31564566285802
2025-03-18,680.9830932617188,680.9830932617188,680.9830932617188,680.9830932617188,0,37.43657314571536
2025-03-19,701.0482187498565,712.8802561971115,697.4986315880218,707.6051635742188,1111899,52.699748318652304
2025-03-20,713.077461395816,715.739681829762,702.1821390633141,704.8442993164062,1079612,58.40164069591567
2025-03-21,706.6684743381736,715.5425027471565,704.0062537793075,712.0914916992188,1869067,74.18593237866546
2025-03-24,719.7823220797309,723.2826213358647,713.5705140760364,716.7750244140625,1080209,73.96479306467921
2025-03-25,722.7402460776732,724.9094648551408,704.1541123893531,707.1121215820312,1418108,69.31307649491094
2025-03-26,708.9362380389247,711.8449592575918,691.1881820101338,694.5899047851562,1281906,54.492758130469085
2025-03-27,693.8010434202417,714.7042591285806,692.0755381493559,707.9994506835938,7239201,57.142833003454996
2025-03-28,707.9995193396749,724.1699943758265,707.9995193396749,717.3172607421875,1761132,61.4109311623732
2025-04-01,715.0002198904846,724.1700372980264,706.027554971455,714.11279296875,1499170,65.71167502059158
2025-04-02,714.8522856111331,720.4232274954798,702.1328208706752,717.2680053710938,1594854,66.24885493391174
2025-04-03,709.9221924737554,729.4450407306138,709.9221924737554,727.916748046875,903058,67.34512562598522
2025-04-04,727.6702957841894,727.6702957841894,699.3227063481522,704.1047973632812,1061286,59.60138162143591
2025-04-07,646.8179995417551,692.0755635210562,646.8179995417551,687.6385498046875,1327614,52.31876827968033
2025-04-08,705.9289765407171,709.9222773144395,694.5406520449695,703.9569702148438,704550,57.186919792230725
2025-04-09,703.4146595208468,710.8096830221978,697.3014280568923,705.189453125,899960,49.10157620837421
2025-04-11,718.1553297640821,725.1559878431281,711.4012326394994,720.4724731445312,933716,55.31701672941964
2025-04-15,734.9667873112688,745.8128221860048,724.7616183887982,743.9393920898438,1274195,59.75831071088473
2025-04-16,750.2990556434879,755.2783591605299,744.9253268221676,749.9539184570312,1008913,60.0838834980272
2025-04-17,748.3763421744666,759.9618784334257,744.4323298309911,758.6307983398438,973140,65.75220677428385
2025-04-21,762.8706580073784,768.688040551094,758.8773572399007,763.807373046875,749021,72.15911999652975
2025-04-22,765.1384442962514,768.7373798656058,758.2364222471872,764.0045166015625,610026,69.58624537712382
2025-04-23,767.6526909398367,776.0830052930373,752.320354981303,773.963134765625,1228461,69.72195470660786
2025-04-24,773.9631547109269,774.0124428303504,761.194402375835,766.1737060546875,1028891,67.5648649160683
2025-04-25,766.3215679314184,770.3641562872447,737.7274800248794,741.3263549804688,1352726,57.08063733855467
2025-04-28,737.72752688955,756.264373018634,737.1358889247003,753.3556518554688,691102,57.426599274643635
2025-04-29,754.7853159264974,763.0184171160603,744.2843596338873,751.6793823242188,634735,65.95036911710659
2025-04-30,749.3623495197105,752.3203587941305,737.5303124220309,740.9813232421875,944632,68.60383534023701
2025-05-02,740.9813376714335,751.3343703335095,735.656896801453,736.988037109375,580150,62.60344291944366
2025-05-05,739.5023240723147,756.2150886325196,739.4530359535471,754.736083984375,886401,66.78915992567676
2025-05-06,754.7360435969998,756.2150481660001,724.0713127578846,726.437744140625,1029627,51.85752117899141
2025-05-07,718.6483739338369,734.5723489258471,715.4932119891761,731.121337890625,989272,45.479833580494564
2025-05-08,734.572265095563,739.5022802975467,712.9787744385349,717.7609252929688,766498,39.20663829090611
2025-05-09,698.0409023393815,714.852243053645,696.3646850436369,712.4365234375,1024950,34.15625799412429
2025-05-12,730.1352561266001,754.2430426560792,727.0293224569626,752.7640380859375,1196460,46.948204451107244
2025-05-13,753.3063354492188,761.9338621968375,751.8766189805862,753.3063354492188,892363,47.0492158189062
2025-05-14,754.2923766707776,770.8079287089939,751.7287926655451,767.0118408203125,1224784,48.12151360908879
2025-05-15,768.0964040062739,778.3508601731788,765.4341836378609,774.70263671875,1287971,52.30604915021186
2025-05-16,774.7026807824817,803.5925608097787,773.026463404744,797.725830078125,3070129,65.40119142899144
2025-05-19,802.5079507461013,808.7690463867202,792.1549181498677,793.3380737304688,1654632,61.393634458634004
2025-05-20,794.7184537377207,796.9862487035318,773.0263867622494,774.7518920898438,1297532,55.99692871964414
2025-05-21,775.688637646049,784.4640289786561,770.0684080352296,779.1396484375,805323,60.25435705119288
2025-05-22,775.5900103129791,779.0410211448486,764.1523984854095,767.948486328125,817185,58.01017710769782
2025-05-23,767.8991477668185,776.3788099337584,764.645349803823,772.0896606445312,615580,54.82982699862438
2025-05-26,773.0264282449356,782.8864592174475,772.9278520075518,781.8018798828125,711436,67.18700262839576
2025-05-27,782.8864794608991,786.3374903905126,774.3575283767981,782.0484008789062,794318,66.2574454197395
2025-05-28,783.8724408041122,785.5979461769514,763.2156644473807,765.4834594726562,2587692,64.92902143753452
2025-05-29,788.8024322670892,788.8024322670892,762.180350178075,763.8565673828125,5124252,66.46664826758006
2025-05-30,766.1243998209635,770.6599899560567,743.8407540915622,745.4183349609375,2877095,47.26406069842471
2025-06-02,745.4183658044464,760.2084127450107,739.0586335838326,755.6234741210938,1621374,50.80507935430786
2025-06-03,756.2644019235054,766.8146474676054,753.3063925287589,760.701416015625,1639782,47.66764150934883
2025-06-04,762.5748227760795,769.4768444866124,752.4189426858983,766.3709106445312,1664766,46.87385065512944
2025-06-05,767.061143129921,773.02645,764.152421875,770.31494140625,1481683,37.996574573585725
2025-06-06,771.0544490098707,774.6040362117428,767.0118602421354,768.7373657226562,954628,38.95534215975018
2025-06-09,770.0683810632527,781.3581280074562,769.969804830719,776.871826171875,1570448,51.05032982890749
2025-06-10,780.9637839744244,786.3375131853419,776.1816927628184,777.85791015625,1007006,49.34280528259372
2025-06-11,780.5200076191703,784.7598689728884,767.3568906820597,772.0404052734375,911690,52.22043668168553
2025-06-12,772.0403982629076,777.4141269919678,758.2363553820893,760.504150390625,1442103,44.180316761087525
2025-06-13,744.4323093091975,763.8565816015149,743.1998054858379,759.86328125,1303106,37.8746641802625
2025-06-16,759.2223466191468,761.1450645980536,747.8833115722374,759.3209228515625,986884,37.479598746772965
2025-06-17,759.3209199105362,762.969143208538,755.2783315035491,757.9405517578125,884096,45.00980006573757
2025-06-18,755.7221104781557,760.8986269069122,746.9959466754532,749.0665893554688,542096,41.071471997276326
2025-06-19,749.3623599585177,751.2850780498452,732.8960960653637,736.3471069335938,1139746,44.11765404334847
2025-06-20,735.1145659685529,747.7847413398367,733.438348738086,746.0098876953125,861498,43.72179453145739
2025-06-23,736.0513204324463,749.1158616189566,736.0513204324463,747.242431640625,685543,40.745739494782654
2025-06-24,752.4189299068308,759.863301341439,750.4469237373139,751.3343505859375,578906,39.431741453257274
2025-06-25,759.2223601708046,761.785944067872,754.7853463775986,756.806640625,820300,40.70552662523097
2025-06-26,759.2223779101446,763.9058925790707,752.3203562927796,762.2296752929688,864747,45.7473811506664
2025-06-27,763.1663765893625,778.1536352975719,762.3775861691096,774.2589111328125,1772042,48.37522847756517
2025-06-30,777.5127725797829,778.8439129419668,766.1244482234434,770.5614624023438,1037262,45.610898204560165
2025-07-01,773.1249881268201,774.2589157370119,760.5041607851697,764.6453857421875,886549,45.556872472411975
2025-07-02,765.1383872803837,769.9204781285453,757.7433642074418,764.6453857421875,1093414,52.88860090391709
2025-07-03,766.0258736174288,772.188393323513,763.3143649467518,767.6034545898438,660457,55.22987704644225
2025-07-04,768.6880166316167,774.8998844997936,762.3283445832011,770.2163696289062,703398,57.16144882627677
2025-07-07,771.6953638413365,775.5407398903644,764.2017040412065,773.3715209960938,876286,59.911354065473795
2025-07-08,773.7165932093118,774.9490970024384,769.2795795540561,774.2095947265625,791455,68.00842141340205
2025-07-09,776.0336714854559,787.4219944275909,773.2235869267852,775.0476684570312,1442155,83.40424366179671
2025-07-10,776.9704938376052,779.7312906627857,771.9419017696285,773.2236938476562,626845,77.16555678086407
2025-07-11,770.1670538709781,772.7306982276717,759.2717308523887,762.8706665039062,512434,63.19745176969028
2025-07-14,762.8706231444427,766.715999189636,756.510891007912,759.5181884765625,540108,56.998340240299804
2025-07-15,759.5181302585863,766.0257864360892,758.5321272178298,763.1170654296875,405335,55.57493130416402
2025-07-16,763.117108372222,767.0118326385463,760.7013887502599,765.72998046875,481239,53.25389935715218
2025-07-17,767.110393788823,770.9558298608764,762.4761672914606,763.9058837890625,435163,38.12213424010621
2025-07-18,763.2650114517461,764.8426525942845,752.9119784159587,754.5881958007812,450648,33.767472671426944
2025-07-21,754.8839256662844,760.9971567311636,748.0312524803968,759.6660766601562,522909,44.852173759406746
2025-07-22,759.6660849020062,762.4761696072209,748.3763376016217,749.9539184570312,485187,37.35138049431061
2025-07-23,750.8906088882945,752.2710372273199,746.2070944120405,751.2850341796875,558332,35.545725743930646
2025-07-24,752.3203399621415,754.9825602786495,745.4183184945989,746.55224609375,384144,29.797839269766143
2025-07-25,746.4043428405047,746.4536309590791,731.7128726541297,735.8048095703125,878236,21.609446712331916
2025-07-28,736.0512723335094,739.5022829874507,717.9087922518772,719.8807983398438,523766,16.5654629142023
2025-07-29,717.8102861742594,728.1633191479267,716.8242830339102,725.5010986328125,456870,21.20348067925036
2025-07-30,725.6982668719108,733.8820803996492,723.7755488297619,725.84619140625,774642,21.982508761861453
2025-07-31,719.7822363439668,722.1979558856749,712.9787911335807,715.8875122070312,704978,22.08551759350857
2025-08-01,714.8522901719227,714.8522901719227,705.9782617422023,709.1334838867188,1040532,21.22750577713336
2025-08-04,706.9641912879697,721.9514497782222,702.7243901825243,719.6836547851562,551240,27.021392705491067
2025-08-05,719.6836520104318,721.5077335850096,711.6477030611285,716.084716796875,560776,24.00618696391365
2025-08-06,725.6983520801139,732.600374450441,714.162102653538,719.437255859375,1507424,27.08341983188457
2025-08-07,714.8522372617707,718.697673369037,706.0767857251128,716.97216796875,804696,29.141658470679573
2025-08-08,717.218701381654,720.6697123392876,706.9642447494867,708.886962890625,359497,22.751422913742175
2025-08-11,708.6404958805039,715.197380903984,706.2247760588605,713.1760864257812,447545,29.045048929940123
2025-08-12,713.8662613863329,717.8595620001822,709.9222488924858,710.4645385742188,275269,27.101857247428242
2025-08-13,710.9575647023131,719.5850923307186,709.9222734230759,717.1693725585938,592729,33.87452376470242
2025-08-14,723.2332682364638,727.4237813789382,711.6970200198342,714.655029296875,1074069,37.23978241368797
2025-08-18,719.7822552485245,721.5570487732407,710.3166496628028,711.795654296875,632805,44.209118211505086
2025-08-19,712.387229906419,717.0707445667034,711.0561498121527,716.232666015625,392467,43.24713972649524
2025-08-20,716.232712054068,723.0360976788608,716.232712054068,720.9655151367188,521749,46.657699808653156
2025-08-21,720.6697087593641,724.0220832787563,713.9155512387482,715.54248046875,405628,49.7480714295264
2025-08-22,716.5298507263383,717.8134114863955,711.0005778357798,715.8386840820312,673850,55.40565276438286
2025-08-25,717.5665607700821,718.3564396682708,711.889219559999,712.7284545898438,881565,43.62847276582231
2025-08-26,710.9018345351168,715.3449710009613,705.965016239734,708.1865844726562,1384604,42.887545578563326
2025-08-28,707.9397566933663,707.9397566933663,688.5874527219514,690.8090209960938,1668258,29.418444745361697
2025-08-29,691.1546260096115,693.1293535124962,681.08350369212,683.2063598632812,856066,27.394776133429986
2025-09-01,683.7493611012148,697.0294148966823,682.6632851385987,695.0546875,631745,41.18390300223759
2025-09-02,695.0546642346831,704.582687446408,692.2406416302651,703.0029296875,885201,43.80502193257953
2025-09-03,703.9902917409503,704.5333297028382,699.3990266022989,703.8421630859375,386447,45.87317803440331
2025-09-04,705.9650614703268,707.594235717741,700.7320457947251,702.1143188476562,509597,39.997810290014925
2025-09-05,702.3117883967462,705.8663338783216,697.0787728347606,705.0270385742188,460678,43.637092629926414
2025-09-08,704.9777017536802,709.4208385294387,702.8054894994184,704.0890502929688,382250,44.77417603202418
2025-09-09,704.0890326471224,706.6562144337839,701.225714066178,704.1878051757812,287154,41.321836502613436
2025-09-10,705.1751459449127,712.382888691087,705.0763734194662,709.4701538085938,978049,41.78280855697846
2025-09-11,709.5689320452595,715.7893111704112,708.5815683662229,710.6056518554688,800265,46.240582283305365
2025-09-12,710.5563312251306,715.2463089348756,709.6676797640403,713.0740966796875,653882,47.96217230317945
2025-09-15,713.8145858384554,721.0716847944151,713.419616260161,716.0855102539062,766401,52.47815696706243
2025-09-16,716.0854930716454,719.1957127003687,714.3576066698868,718.0108642578125,524148,57.54363008697429
2025-09-17,720.4299402328429,726.4034785022318,718.5539251170164,721.7135009765625,811304,80.03848996875954
2025-09-18,723.6388296905811,727.1439585299116,721.170420611631,726.1072387695312,689466,94.47295891638258
2025-09-19,726.1073259687485,729.6618113637422,723.9351136656296,727.2921142578125,1021813,92.90418694722614
2025-09-22,726.1073378820126,727.6377396670805,715.7400183352996,717.9121704101562,721501,69.11402230711326
2025-09-23,717.9615472410603,720.7755097145233,711.889236307084,713.468994140625,571765,61.29784137207823
2025-09-24,712.9259390296913,715.6905453039404,704.9776733922639,706.4093627929688,773061,54.47992849430604
2025-09-25,704.8789693081311,711.8892274703102,703.8916056084497,705.8663330078125,835870,50.920948823079506
2025-09-26,703.3979236835822,704.4346435153576,693.1293171024316,694.2153930664062,770172,41.2280606623229
2025-09-29,694.2648366947033,699.004170585787,689.1798893368725,690.9077758789062,807138,38.83818185175989
2025-09-30,692.4875078520607,695.8939246745755,688.2418559889384,691.549560546875,1029077,33.66342803664685
2025-10-01,692.2406936156467,698.4611333852372,689.6242158644715,697.2269287109375,585121,38.736543530874734
2025-10-03,697.2268975699749,701.5219055391453,695.2027537834097,698.559814453125,544147,37.54232848581367
2025-10-06,698.5598352063671,702.4105778381528,695.4496153680865,701.2750854492188,486868,37.22319574383839
2025-10-07,701.2750717071539,708.9271404234233,700.3370641343154,707.841064453125,674546,41.87701097872507
2025-10-08,706.9523692299146,707.8410206152305,692.5368841305047,694.2647705078125,857598,31.062666857561553
2025-10-09,696.5850976102474,702.509279871993,693.3268094190671,700.8307495117188,717552,33.06881551619814
2025-10-10,700.040840339044,708.4827876443733,699.695287160937,706.6561889648438,677949,36.98629187897563
2025-10-13,701.0282093216927,703.0029366718946,697.0787546212888,700.6332397460938,642278,38.62155448911182
2025-10-14,700.0408872690281,703.6447890029829,691.3520984643081,695.252197265625,646712,38.1503220642604
2025-10-15,695.25222073191,707.939821034002,695.25222073191,707.1005859375,710916,50.42325847357858
2025-10-16,707.0511292966942,713.1727963572855,706.9524170311597,709.8157958984375,523985,52.35571826326029
2025-10-17,709.2232687146303,713.0740108975822,704.9776172461782,710.2106323242188,1099068,61.02040026778715
2025-10-20,711.8892211914062,718.6526383690112,710.5068879184854,711.8892211914062,753202,64.78774238286728
2025-10-21,712.3335407807863,715.3449879595829,706.360002554538,708.9271240234375,190939,61.8598218823157
2025-10-23,713.0247094604149,714.1107854087097,706.9523986901295,709.9144897460938,738210,59.25122542365791
2025-10-24,711.8398891354188,717.6159428174082,704.7308582671941,705.767578125,968687,55.048418511038875
2025-10-27,706.9523905535343,715.6411788315806,705.9650268795768,714.9500122070312,1055350,58.782472215950435
2025-10-28,712.8765803534119,717.0235198819313,710.9018529840118,712.5803833007812,1272243,53.217147180267794
2025-10-29,712.5803803687971,726.4528280289734,711.0499787165885,721.4172973632812,1217127,69.69921595821278
2025-10-30,721.4172616183508,723.7375420473244,716.8259966253172,718.9488525390625,426315,63.975650061439815
2025-10-31,717.0235137042613,720.6767713589553,708.0384680925657,709.6182861328125,441679,52.167640514077085
2025-11-03,709.6183109482918,715.8386902730573,707.051129142077,714.3082885742188,354001,60.20641324193425
2025-11-04,714.308299900693,715.8387016237986,707.0511403534776,709.4208374023438,333642,60.653298663536226
2025-11-06,706.4587120388389,708.5815680533891,694.0673099251787,694.4622192382812,501782,40.921896578180146
2025-11-07,694.4622580674597,699.2016522008522,688.2912347311672,695.252197265625,455448,39.241450332391885
2025-11-10,695.2521604357543,698.9053578461973,692.1419407334618,695.4495849609375,363370,39.06368562092508
2025-11-11,695.1040722823876,702.8548535282719,692.6850190689657,701.7194213867188,333113,42.94524607932798
2025-11-12,703.4966768089249,709.4208593504737,702.1143434436697,706.8043212890625,584863,48.56954840832442
2025-11-13,710.9018535118471,711.6917324074142,696.7332087314405,700.9295043945312,1565202,44.319620057787766
2025-11-14,700.9295436429979,700.9295436429979,693.4255430551825,696.3876342773438,827789,44.0993912829133
2025-11-17,699.0534982291201,707.3967335305382,697.0787708329927,704.0396728515625,763522,43.00192691201583
2025-11-18,703.9903132054046,704.0396693372819,692.8824716576336,694.9065551757812,896066,39.56877086656493
2025-11-19,696.5851125297817,698.1648703945233,693.1293394697474,696.0914306640625,643975,33.56826902895973
2025-11-20,698.8560330496829,701.7687680934944,693.3268202909111,694.11669921875,805276,33.78471231365472
2025-11-21,696.1055257501339,697.0005428471895,684.9181155148639,686.5589599609375,1101118,34.585468551098344
2025-11-24,688.1500746519908,691.1333842241816,676.3162557373989,681.089599609375,2005483,28.023200503291335
2025-11-25,680.1945499884686,682.2331326263637,672.089868426015,673.730712890625,1290958,27.13583125902744
2025-11-26,674.6754806072125,685.9623110229305,673.9793628922562,684.6695556640625,606666,43.385872150689146
2025-11-27,686.111485422338,690.5864497382659,682.2331587369652,684.0231323242188,622737,42.400966850030024
2025-11-28,683.6751147220048,684.0729136124422,680.1945868652382,682.8795776367188,336126,41.60106881473634
2025-12-01,687.6528135530694,689.8405859088411,677.9073483634517,680.4928588867188,603612,35.04073433642175
2025-12-02,680.1945699671849,681.6862247258848,675.222387438185,676.1671142578125,606817,28.175120785549566
2025-12-03,674.3273837373953,678.8023481026369,667.4658081280447,670.7474365234375,750515,28.359014980109677
2025-12-04,670.2502029372598,676.912939645635,666.7696751771999,670.1010131835938,1352801,30.036933619605975
2025-12-05,671.2446430397098,673.2335160561238,666.7199690664855,671.4435424804688,755102,22.62146563630081
2025-12-08,671.4435413279609,674.7251696602937,656.3280942900425,657.620849609375,978991,20.969518633732235
2025-12-09,657.6208176438158,667.7640816561914,654.637508269328,666.2227172851562,711148,29.15220704950535
2025-12-10,666.2724621903712,670.2502082332987,661.9963973333416,664.1343994140625,511568,29.10605581132627
2025-12-11,664.1344179386858,668.0127447169531,661.4991975290951,666.123291015625,533337,34.56052428681572
2025-12-12,667.3663409376724,671.6424666367883,665.3277581599484,670.4988403320312,390768,41.86404168905569
2025-12-15,669.2557631708876,670.2004899831288,666.7696719258248,668.758544921875,286537,45.819426141005586
2025-12-16,668.7585343940228,669.2060429502068,664.7807884645417,667.3165893554688,255392,32.6368387688572
2025-12-17,666.2227208054131,668.7088119639559,660.5047111407647,662.3941040039062,386764,30.06420050901349
2025-12-18,662.2947400997268,664.4328029533598,657.9689653998339,660.1566772460938,291111,29.4699459578692
2025-12-19,663.289127791317,671.9904469340066,662.2946913178668,670.2501831054688,678900,41.876999093873195
2025-12-22,676.1671118227357,679.5979298945077,672.5373943114024,677.857666015625,1058473,51.27436654348434
2025-12-23,682.7303729933149,684.8684357655194,674.4268524228779,677.0620727539062,1897510,55.11679319468829
2025-12-24,677.0620496274211,680.9900858422191,674.7251481897439,675.8687744140625,1143972,54.63259913621946
2025-12-26,675.8687919096521,708.5857163619734,675.0234844667915,701.574951171875,7180874,67.39376608844
2025-12-29,705.0554629039028,707.0940455446912,691.6802801356496,695.3099975585938,1819431,73.836451184799
2025-12-30,692.6250188596796,692.9233376691019,674.5759721947927,678.6531982421875,2182868,57.13470963492858
2025-12-31,678.653196688182,686.7578176876002,678.653196688182,680.7911987304688,1078861,59.55503550598745
2026-01-01,679.6973255003476,683.5756520016268,675.4709705136959,681.8353881835938,620303,59.11187314657958
2026-01-02,681.8354244636818,693.0228353177417,680.2939993006516,690.9841918945312,1547440,61.256805089361656
2026-01-05,691.0339476195951,697.7463939896544,670.0015913818412,671.7915649414062,2135762,51.39843589505469
2026-01-06,671.7915949996309,672.7363218553232,663.7863929614608,667.4658203125,1414363,50.06702365098797
2026-01-07,667.4658105970003,670.7474390045319,663.4383547925031,669.056884765625,980520,53.08474449827937
2026-01-08,669.0568640343182,669.9518811611798,649.8642517528838,652.7978515625,1877565,46.98451477166829
2026-01-09,652.7481629764471,654.4884269050301,631.6660963882098,634.1024780273438,2561891,36.162937183187054
2026-01-12,634.5002021304863,635.7432477661528,624.3569376043301,631.3179931640625,1714290,31.501947556675162
2026-01-13,634.4505014286894,637.1354921788691,622.5172631573034,626.6939086914062,1878574,30.571530815483783
2026-01-14,626.6938677389575,630.9202226838945,622.517222477785,623.9591674804688,968707,30.212259047707676
2026-01-15,623.9591674804688,623.9591674804688,623.9591674804688,623.9591674804688,0,13.201281357521324
2026-01-16,623.959181619537,630.5721477952922,622.5669462690697,624.1580810546875,1152976,14.207086533424956
2026-01-19,624.158118939412,632.362220398752,621.8708663397305,628.5833129882812,1126527,21.27778318524271
2026-01-20,628.4838734402763,628.4838734402763,607.7996062003467,609.73876953125,1509221,15.7970415804093
2026-01-21,610.5840243838279,614.8103796014684,598.0043781048507,610.2857055664062,1670035,15.391995937743559
2026-01-22,613.2690121311589,626.4950056672385,611.6778772867145,625.3513793945312,1326768,19.972668104560412
2026-01-23,627.4894278670247,635.2957300685937,612.3739810154212,614.3628540039062,1647574,21.59366875059625
2026-01-27,616.5506345646862,618.8875360787528,597.9546597378918,604.1201782226562,2338114,20.399587247569883
2026-01-28,609.5398859415311,625.3016807346197,607.05379460536,621.6222534179688,1674580,30.70387005628676
2026-01-29,621.4233694056476,622.5172252356551,609.3906517976394,611.9264526367188,1354675,32.43587060127591
2026-01-30,610.5840405773835,620.9262049566045,605.412958387773,619.5836791992188,1818270,43.10669787077188
2026-02-02,603.6229736412727,609.4901734458402,592.6841718125181,606.9046020507812,1313814,39.40441646662538
2026-02-03,618.3405835862949,625.4508286098437,608.6448280245021,610.6834106445312,1356592,42.99997117967975
2026-02-04,612.5728649070836,621.3238936952106,606.8548552103048,618.8875122070312,896728,47.88380512690955
2026-02-05,620.5283756785283,630.0749417953477,612.175084804621,618.2908935546875,576830,47.64657793491642
2026-02-06,617.4953860385164,617.5450957267515,608.5951668031754,616.5506591796875,731675,46.881374117006516
2026-02-09,619.5339670047707,623.7603223174035,617.9428928123683,621.2742309570312,714720,47.010988396588665
2026-02-10,621.2742122344498,635.3952228749347,620.5283848488142,632.6605224609375,1938170,59.982679499502396
2026-02-11,631.4671527202923,632.5112988652011,621.1747596274159,624.8541259765625,914394,55.96738313565309
2026-02-12,626.3955966021745,626.3955966021745,616.7495500900733,618.5892333984375,1631276,47.014934622296586
2026-02-13,621.5227876114942,629.2296701778768,608.5951136291751,614.0645141601562,3930956,49.86033104513981
2026-02-16,613.915348234197,613.915348234197,602.7777080045013,610.0867919921875,2330789,52.96735625819948
2026-02-17,609.6890031808155,625.9977863080613,607.6007107771652,614.1142578125,2129421,45.68817874441178
2026-02-18,614.1142457103051,622.9150451135974,612.5728812812634,619.9814453125,1430103,54.83874515934828
2026-02-19,618.5395007399701,632.4119020034003,615.8545100606631,625.5999755859375,2866005,53.70481594877581
2026-02-20,626.5999755859375,651.25,624.6500244140625,645.2999877929688,5078998,71.7620075553157
2026-02-23,650.7000122070312,650.7999877929688,632.1500244140625,639.4500122070312,2983677,65.93051726725406
2026-02-24,636.9000244140625,636.9000244140625,611.1500244140625,614.4500122070312,4217676,47.928021075454645
2026-02-25,615.0499877929688,622.7999877929688,605.0,605.9000244140625,2460682,44.614397755477334
2026-02-26,605.9000244140625,609.4500122070312,594.0,594.9500122070312,3156132,41.3073604174373
2026-02-27,594.0999755859375,594.4000244140625,558.0999755859375,569.5499877929688,32213440,32.15460436266173
2026-03-02,552.9000244140625,578.0,552.0,568.9500122070312,2790621,26.251684147829152
2026-03-04,553.9500122070312,561.0499877929688,547.4500122070312,553.4500122070312,2973865,24.82766010643998
